time,1kW,1.5kW,2kW,6,5,4,3,2,1,0
2020-06-30 23:00:00+00:00,384.68050161997473,577.0207524299622,769.3610032399495,0.8219,0.7446,0.7683,0.6153,0.3942,0.5387,0.4033
2020-07-01 00:00:00+00:00,397.3935763041178,596.0903644561768,794.7871526082356,0.8082,0.7995,0.7781,0.5546,0.4279,0.5474,0.3999
2020-07-01 01:00:00+00:00,393.5062011082967,590.2593016624451,787.0124022165934,0.8119,0.778,0.7933,0.5492,0.3755,0.5672,0.3604
2020-07-01 02:00:00+00:00,376.57657464345294,564.8648619651794,753.1531492869059,0.7997,0.6819,0.7045,0.5378,0.4033,0.5434,0.3916
2020-07-01 03:00:00+00:00,371.3552474975586,557.0328712463379,742.7104949951172,0.7066,0.7865,0.7592,0.5331,0.3569,0.5328,0.3618
2020-07-01 04:00:00+00:00,385.5268875757853,578.290331363678,771.0537751515706,0.8076,0.7448,0.7176,0.5732,0.386,0.5939,0.3835
2020-07-01 05:00:00+00:00,492.2624409198761,738.3936613798141,984.5248818397522,1.0753,0.9675,1.0121,0.6979,0.4809,0.6956,0.5081
2020-07-01 06:00:00+00:00,538.2750391960144,807.4125587940216,1076.5500783920288,0.9981,1.1271,1.0284,0.8876,0.4918,0.8171,0.5162
2020-07-01 07:00:00+00:00,537.9546225070953,806.931933760643,1075.9092450141907,1.0495,1.1022,1.0818,0.7327,0.5248,0.7947,0.5831
2020-07-01 08:00:00+00:00,504.5949161052704,756.8923741579056,1009.1898322105408,1.0749,0.9409,1.0782,0.8017,0.5464,0.6872,0.5279
2020-07-01 09:00:00+00:00,449.6995131174723,674.5492696762085,899.3990262349446,0.8181,0.9611,0.8693,0.6071,0.4654,0.6869,0.4217
2020-07-01 10:00:00+00:00,478.02393436431885,717.0359015464783,956.0478687286377,1.0227,0.9096,0.9997,0.6984,0.5182,0.6514,0.4939
2020-07-01 11:00:00+00:00,394.93067264556885,592.3960089683533,789.8613452911377,0.7136,0.7428,0.8641,0.6292,0.3588,0.6207,0.4224
2020-07-01 12:00:00+00:00,361.5807215372721,542.3710823059082,723.1614430745442,0.7168,0.6865,0.7251,0.5559,0.3955,0.5822,0.3579
2020-07-01 13:00:00+00:00,391.3728713989258,587.0593070983887,782.7457427978516,0.7991,0.7258,0.7997,0.5925,0.3676,0.5445,0.4103
2020-07-01 14:00:00+00:00,447.1717596054077,670.7576394081116,894.3435192108154,0.9503,0.9088,0.848,0.6507,0.4282,0.6723,0.4591
2020-07-01 15:00:00+00:00,496.5245246887207,744.786787033081,993.0490493774414,0.937,1.0819,1.0833,0.7257,0.5433,0.8134,0.4791
2020-07-01 16:00:00+00:00,518.7156736850739,778.0735105276108,1037.4313473701477,1.0222,1.0959,1.0274,0.7866,0.5185,0.8511,0.5192
2020-07-01 17:00:00+00:00,438.184372584025,657.2765588760376,876.36874516805,0.9498,0.8286,0.8703,0.6244,0.4265,0.7179,0.4765
2020-07-01 18:00:00+00:00,354.60797150929767,531.9119572639465,709.2159430185953,0.716,0.6984,0.6434,0.572,0.3806,0.5435,0.3749
2020-07-01 19:00:00+00:00,310.14628410339355,465.21942615509033,620.2925682067871,0.5944,0.6739,0.6329,0.4949,0.3002,0.5014,0.3056
2020-07-01 20:00:00+00:00,312.72966861724854,469.0945029258728,625.4593372344971,0.6224,0.5673,0.5846,0.5024,0.2817,0.473,0.3257
2020-07-01 21:00:00+00:00,336.1918052037557,504.28770780563354,672.3836104075114,0.6763,0.6347,0.6589,0.5089,0.3037,0.4604,0.3347
2020-07-01 22:00:00+00:00,313.46141497294104,470.1921224594116,626.9228299458821,0.607,0.6241,0.6186,0.4243,0.3221,0.4949,0.2832
2020-07-01 23:00:00+00:00,281.0320973396301,421.5481460094452,562.0641946792603,0.5639,0.5825,0.5852,0.4608,0.258,0.4087,0.2561
2020-07-02 00:00:00+00:00,303.39808464050293,455.0971269607544,606.7961692810059,0.6237,0.5791,0.6009,0.4645,0.3205,0.4569,0.3202
2020-07-02 01:00:00+00:00,321.86221281687415,482.7933192253113,643.7244256337483,0.6337,0.6764,0.6017,0.4859,0.3274,0.4904,0.3422
2020-07-02 02:00:00+00:00,320.56008974711096,480.8401346206665,641.1201794942219,0.5788,0.6203,0.6903,0.4524,0.3503,0.4821,0.3505
2020-07-02 03:00:00+00:00,319.4405158360799,479.1607737541199,638.8810316721598,0.6103,0.6024,0.5758,0.489,0.3044,0.4975,0.3034
2020-07-02 04:00:00+00:00,312.49399185180664,468.74098777770996,624.9879837036133,0.5744,0.6093,0.5944,0.5069,0.3135,0.4623,0.3046
2020-07-02 05:00:00+00:00,294.6948130925496,442.04221963882446,589.3896261850992,0.6225,0.6058,0.5949,0.4514,0.2968,0.4549,0.2799
2020-07-02 06:00:00+00:00,412.50859896341956,618.7628984451294,825.0171979268391,0.8522,0.7492,0.7613,0.5679,0.4029,0.6782,0.4043
2020-07-02 07:00:00+00:00,356.52962525685626,534.7944378852844,713.0592505137125,0.7198,0.7093,0.7177,0.5591,0.364,0.5346,0.3257
2020-07-02 08:00:00+00:00,369.17312145233154,553.7596821784973,738.3462429046631,0.6671,0.714,0.7934,0.5495,0.336,0.5158,0.335
2020-07-02 09:00:00+00:00,389.0983581542969,583.6475372314453,778.1967163085938,0.7659,0.8175,0.7898,0.5743,0.4021,0.6099,0.3713
2020-07-02 10:00:00+00:00,427.15437412261963,640.7315611839294,854.3087482452393,0.8599,0.9385,0.9249,0.6383,0.4287,0.6114,0.4067
2020-07-02 11:00:00+00:00,469.1941559314728,703.7912338972092,938.3883118629456,0.8523,1.018,0.9058,0.674,0.4345,0.6371,0.4397
2020-07-02 12:00:00+00:00,467.42448806762695,701.1367321014404,934.8489761352539,1.0215,0.959,0.8828,0.7202,0.4906,0.7055,0.4439
2020-07-02 13:00:00+00:00,497.74192571640015,746.6128885746002,995.4838514328003,1.0715,0.9762,1.0256,0.7157,0.4857,0.7669,0.4893
2020-07-02 14:00:00+00:00,461.65162324905396,692.4774348735809,923.3032464981079,0.9127,1.008,0.869,0.6433,0.4165,0.6689,0.4193
2020-07-02 15:00:00+00:00,464.4967496395111,696.7451244592667,928.9934992790222,0.9395,0.9068,0.9755,0.6598,0.4622,0.7034,0.4818
2020-07-02 16:00:00+00:00,423.7285375595093,635.5928063392639,847.4570751190186,0.9147,0.794,0.8916,0.6452,0.3995,0.5742,0.4112
2020-07-02 17:00:00+00:00,395.98861535390216,593.9829230308533,791.9772307078043,0.8412,0.8079,0.8262,0.6167,0.4117,0.6037,0.387
2020-07-02 18:00:00+00:00,347.7839946746826,521.6759920120239,695.5679893493652,0.6323,0.7058,0.6856,0.5245,0.3639,0.5138,0.3442
2020-07-02 19:00:00+00:00,327.97387440999347,491.96081161499023,655.9477488199869,0.6723,0.6849,0.6685,0.5189,0.2972,0.4978,0.3006
2020-07-02 20:00:00+00:00,319.63685353597003,479.4552803039551,639.2737070719401,0.6246,0.6984,0.6119,0.4672,0.3177,0.4916,0.2934
2020-07-02 21:00:00+00:00,350.1197020212809,525.1795530319214,700.2394040425618,0.6954,0.743,0.6534,0.5743,0.3528,0.5771,0.3812
2020-07-02 22:00:00+00:00,377.29469140370685,565.9420371055603,754.5893828074137,0.6992,0.6797,0.7334,0.5826,0.3912,0.6176,0.3542
2020-07-02 23:00:00+00:00,371.2543169657389,556.8814754486084,742.5086339314778,0.7865,0.6922,0.8072,0.5859,0.3708,0.5296,0.3694
2020-07-03 00:00:00+00:00,365.86144765218097,548.7921714782715,731.7228953043619,0.6885,0.7667,0.7963,0.5697,0.3307,0.5353,0.3922
2020-07-03 01:00:00+00:00,356.14092350006104,534.2113852500916,712.2818470001221,0.7712,0.7016,0.6493,0.5493,0.3911,0.5481,0.3441
2020-07-03 02:00:00+00:00,326.40472253163654,489.60708379745483,652.8094450632731,0.6627,0.6924,0.5942,0.4751,0.3176,0.502,0.3054
2020-07-03 03:00:00+00:00,442.6019112269083,663.9028668403625,885.2038224538167,0.8364,0.8896,0.8336,0.7227,0.4602,0.7017,0.4359
2020-07-03 04:00:00+00:00,432.98950990041095,649.4842648506165,865.9790198008219,0.9104,0.919,0.8826,0.6025,0.4242,0.7086,0.4267
2020-07-03 05:00:00+00:00,407.856814066569,611.7852210998535,815.713628133138,0.7914,0.8179,0.7739,0.6097,0.4065,0.6655,0.4178
2020-07-03 06:00:00+00:00,448.0600277582804,672.0900416374207,896.1200555165608,0.9789,0.9049,0.8464,0.6435,0.411,0.6892,0.4432
2020-07-03 07:00:00+00:00,465.6934976577759,698.5402464866638,931.3869953155518,0.8866,0.9249,0.8711,0.6769,0.4898,0.7454,0.4852
2020-07-03 08:00:00+00:00,496.79553508758545,745.1933026313782,993.5910701751709,0.9771,1.0587,0.9942,0.7726,0.4991,0.7666,0.496
2020-07-03 09:00:00+00:00,395.74399789174396,593.615996837616,791.4879957834879,0.8501,0.7711,0.7818,0.5683,0.4342,0.5635,0.3928
2020-07-03 10:00:00+00:00,438.51124445597327,657.76686668396,877.0224889119465,0.8303,0.9401,0.9209,0.7212,0.401,0.6528,0.4554
2020-07-03 11:00:00+00:00,523.8428235054016,785.7642352581024,1047.6856470108032,0.9627,1.0664,1.1133,0.7526,0.4912,0.7702,0.5017
2020-07-03 12:00:00+00:00,541.7640030384064,812.6460045576096,1083.5280060768127,1.1839,0.9968,1.1513,0.7642,0.5302,0.7609,0.5899
2020-07-03 13:00:00+00:00,524.4806528091431,786.7209792137146,1048.9613056182861,0.9754,0.9687,1.0687,0.8076,0.5511,0.84,0.4735
2020-07-03 14:00:00+00:00,547.7118015289307,821.567702293396,1095.4236030578613,1.1907,1.0764,1.1582,0.823,0.5381,0.7752,0.4963
2020-07-03 15:00:00+00:00,563.469135761261,845.2037036418915,1126.938271522522,1.1799,1.2048,1.0961,0.8913,0.5931,0.8964,0.588
2020-07-03 16:00:00+00:00,558.508175611496,837.762263417244,1117.016351222992,1.0272,1.0178,1.0465,0.8635,0.5961,0.7796,0.6028
2020-07-03 17:00:00+00:00,422.8693962097168,634.3040943145752,845.7387924194336,0.8028,0.8836,0.8012,0.5978,0.4425,0.6463,0.4097
2020-07-03 18:00:00+00:00,347.9257742563883,521.8886613845825,695.8515485127766,0.7496,0.6448,0.6483,0.5545,0.3268,0.4965,0.3283
2020-07-03 19:00:00+00:00,307.31053352355957,460.96580028533936,614.6210670471191,0.6263,0.5746,0.6371,0.4981,0.3071,0.4762,0.3328
2020-07-03 20:00:00+00:00,300.86707274119055,451.3006091117859,601.7341454823811,0.5451,0.6498,0.6073,0.4446,0.2754,0.4922,0.3193
2020-07-03 21:00:00+00:00,352.1448691685994,528.2173037528992,704.2897383371989,0.6454,0.7498,0.7129,0.5313,0.3329,0.5277,0.3491
2020-07-03 22:00:00+00:00,338.0208730697632,507.0313096046448,676.0417461395264,0.6877,0.6789,0.7151,0.5278,0.3059,0.467,0.3076
2020-07-03 23:00:00+00:00,345.4566717147827,518.1850075721741,690.9133434295654,0.7185,0.7334,0.7206,0.564,0.3146,0.5036,0.3746
2020-07-04 00:00:00+00:00,352.14014053344727,528.2102108001709,704.2802810668945,0.7337,0.6399,0.6771,0.5349,0.3321,0.5227,0.3185
2020-07-04 01:00:00+00:00,380.2388827006022,570.3583240509033,760.4777654012044,0.7878,0.7689,0.6953,0.5977,0.376,0.5977,0.4037
2020-07-04 02:00:00+00:00,440.52155017852783,660.7823252677917,881.0431003570557,0.9159,0.9109,0.9196,0.6523,0.4114,0.7059,0.4329
2020-07-04 03:00:00+00:00,497.7710008621216,746.6565012931824,995.5420017242432,0.9959,1.0851,0.9218,0.727,0.5307,0.7509,0.4559
2020-07-04 04:00:00+00:00,521.5875685214996,782.3813527822495,1043.1751370429993,1.0582,1.0786,0.9957,0.8589,0.4851,0.7161,0.5299
2020-07-04 05:00:00+00:00,541.1529958248138,811.7294937372208,1082.3059916496277,1.1706,1.0727,1.0409,0.8786,0.5049,0.8278,0.4974
2020-07-04 06:00:00+00:00,584.2995464801788,876.4493197202682,1168.5990929603577,1.1567,1.1333,1.1519,0.9079,0.5805,0.8498,0.5392
2020-07-04 07:00:00+00:00,626.8572986125946,940.2859479188919,1253.7145972251892,1.2741,1.2794,1.3173,0.9881,0.6344,0.8716,0.5923
2020-07-04 08:00:00+00:00,729.9872159957886,1094.9808239936829,1459.9744319915771,1.4717,1.5155,1.3183,1.1515,0.7468,1.1606,0.7067
2020-07-04 09:00:00+00:00,658.2729935646057,987.4094903469086,1316.5459871292114,1.1853,1.3179,1.2743,1.0625,0.675,1.0724,0.7005
2020-07-04 10:00:00+00:00,713.9787197113037,1070.9680795669556,1427.9574394226074,1.4391,1.4954,1.374,1.09,0.678,0.9934,0.6648
2020-07-04 11:00:00+00:00,891.7735576629639,1337.6603364944458,1783.5471153259277,1.7452,1.6678,1.828,1.4112,0.8673,1.2566,0.863
2020-07-04 12:00:00+00:00,913.1252765655518,1369.6879148483276,1826.2505531311035,1.7413,1.9132,1.8507,1.4688,0.9341,1.2356,0.8222
2020-07-04 13:00:00+00:00,918.5930252075195,1377.8895378112793,1837.186050415039,1.8989,1.7432,1.975,1.3474,0.8432,1.3306,1.0031
2020-07-04 14:00:00+00:00,865.1611089706421,1297.7416634559631,1730.3222179412842,1.6194,1.6347,1.8367,1.2578,0.9164,1.396,0.8762
2020-07-04 15:00:00+00:00,774.0309119224548,1161.0463678836823,1548.0618238449097,1.5331,1.5218,1.4719,1.167,0.6993,1.1905,0.7469
2020-07-04 16:00:00+00:00,684.3085527420044,1026.4628291130066,1368.6171054840088,1.278,1.3236,1.3821,0.9568,0.7346,1.0933,0.7323
2020-07-04 17:00:00+00:00,696.8976616859436,1045.3464925289154,1393.7953233718872,1.5035,1.4222,1.4894,1.1127,0.6625,1.0419,0.6986
2020-07-04 18:00:00+00:00,680.4470300674438,1020.6705451011658,1360.8940601348877,1.4644,1.2483,1.4016,1.0135,0.6599,1.0409,0.7047
2020-07-04 19:00:00+00:00,687.5159382820129,1031.2739074230194,1375.0318765640259,1.4348,1.3728,1.4958,0.9693,0.7075,1.0172,0.659
2020-07-04 20:00:00+00:00,707.7500939369202,1061.6251409053802,1415.5001878738403,1.4203,1.5402,1.289,1.0696,0.7582,1.0634,0.7332
2020-07-04 21:00:00+00:00,704.8324942588806,1057.248741388321,1409.6649885177612,1.5267,1.4782,1.3363,1.0518,0.7342,1.0973,0.7355
2020-07-04 22:00:00+00:00,691.523265838623,1037.2848987579346,1383.046531677246,1.3566,1.3105,1.4044,1.0746,0.6707,0.9572,0.6773
2020-07-04 23:00:00+00:00,679.9353718757629,1019.9030578136444,1359.8707437515259,1.2557,1.3964,1.389,0.9594,0.7449,0.9469,0.6257
2020-07-05 00:00:00+00:00,666.3539528846741,999.5309293270111,1332.7079057693481,1.4424,1.3207,1.3983,0.9626,0.6195,1.0235,0.6551
2020-07-05 01:00:00+00:00,684.5820307731628,1026.8730461597443,1369.1640615463257,1.2895,1.5022,1.3783,1.0868,0.6191,1.0244,0.6325
2020-07-05 02:00:00+00:00,721.4899778366089,1082.2349667549133,1442.9799556732178,1.4518,1.4023,1.5101,1.0278,0.7804,1.1848,0.767
2020-07-05 03:00:00+00:00,730.5865287780762,1095.8797931671143,1461.1730575561523,1.4856,1.4053,1.4067,1.1466,0.8003,1.0911,0.6709
2020-07-05 04:00:00+00:00,721.0273504257202,1081.5410256385803,1442.0547008514404,1.4342,1.4283,1.5322,1.1098,0.6946,1.0518,0.7908
2020-07-05 05:00:00+00:00,678.7457585334778,1018.1186378002167,1357.4915170669556,1.4047,1.3286,1.4456,0.9166,0.6375,0.9753,0.716
2020-07-05 06:00:00+00:00,834.016478061676,1251.024717092514,1668.032956123352,1.5821,1.5756,1.7819,1.1657,0.8643,1.3405,0.7639
2020-07-05 07:00:00+00:00,919.3425178527832,1379.0137767791748,1838.6850357055664,1.6782,1.7609,1.8784,1.3149,0.8672,1.3623,0.8794
2020-07-05 08:00:00+00:00,920.0489521026611,1380.0734281539917,1840.0979042053223,1.6853,1.8275,1.7879,1.3839,0.9612,1.3237,0.88
2020-07-05 09:00:00+00:00,825.5572199821472,1238.3358299732208,1651.1144399642944,1.5833,1.6271,1.499,1.3035,0.8306,1.327,0.8871
2020-07-05 10:00:00+00:00,918.6270713806152,1377.9406070709229,1837.2541427612305,1.7344,1.9574,1.7967,1.4908,0.8974,1.3918,0.9677
2020-07-05 11:00:00+00:00,867.3206090927124,1300.9809136390686,1734.6412181854248,1.7111,1.9003,1.5683,1.3,0.8943,1.4244,0.9433
2020-07-05 12:00:00+00:00,906.2993049621582,1359.4489574432373,1812.5986099243164,1.891,1.7814,1.9307,1.4566,0.8203,1.4054,0.9094
2020-07-05 13:00:00+00:00,908.3389282226562,1362.5083923339844,1816.6778564453125,1.7333,1.8187,1.9972,1.4877,0.8889,1.4278,0.8204
2020-07-05 14:00:00+00:00,843.6091303825378,1265.4136955738068,1687.2182607650757,1.7774,1.7316,1.8496,1.328,0.9123,1.2282,0.7651
2020-07-05 15:00:00+00:00,878.4934043884277,1317.7401065826416,1756.9868087768555,1.901,1.8192,1.6761,1.2204,0.8313,1.3627,0.866
2020-07-05 16:00:00+00:00,871.1393237113953,1306.708985567093,1742.2786474227905,1.7439,1.8614,1.6045,1.2036,0.926,1.3591,0.8639
2020-07-05 17:00:00+00:00,812.2130155563354,1218.3195233345032,1624.426031112671,1.5831,1.6896,1.6412,1.1981,0.8297,1.1755,0.8216
2020-07-05 18:00:00+00:00,780.9767603874207,1171.465140581131,1561.9535207748413,1.495,1.6579,1.5774,1.257,0.738,1.0667,0.8556
2020-07-05 19:00:00+00:00,730.1671385765076,1095.2507078647614,1460.3342771530151,1.4931,1.5879,1.3863,0.9872,0.6637,1.0743,0.7134
2020-07-05 20:00:00+00:00,692.9770231246948,1039.4655346870422,1385.9540462493896,1.5235,1.2551,1.2824,1.0986,0.7014,1.1182,0.7412
2020-07-05 21:00:00+00:00,587.6792371273041,881.5188556909561,1175.3584742546082,1.1456,1.1745,1.1343,0.8555,0.6137,0.9152,0.5376
2020-07-05 22:00:00+00:00,594.583135843277,891.8747037649155,1189.166271686554,1.1767,1.157,1.2921,0.8638,0.6224,0.924,0.6067
2020-07-05 23:00:00+00:00,559.0138256549835,838.5207384824753,1118.027651309967,1.1683,1.0442,1.2182,0.8451,0.6072,0.7655,0.5925
2020-07-06 00:00:00+00:00,534.3030095100403,801.4545142650604,1068.6060190200806,1.0328,1.0272,0.9937,0.8157,0.56,0.8259,0.543
2020-07-06 01:00:00+00:00,505.99937438964844,758.9990615844727,1011.9987487792969,0.9191,1.0807,1.0797,0.7517,0.553,0.8284,0.4758
2020-07-06 02:00:00+00:00,492.2453820705414,738.3680731058121,984.4907641410828,0.9492,1.0026,1.0411,0.7282,0.4947,0.7145,0.4561
2020-07-06 03:00:00+00:00,506.0477614402771,759.0716421604156,1012.0955228805542,1.0932,0.9297,1.0256,0.7941,0.5551,0.7813,0.4873
2020-07-06 04:00:00+00:00,512.8658294677734,769.2987442016602,1025.7316589355469,0.9583,1.0915,0.9232,0.7647,0.5178,0.7369,0.4964
2020-07-06 05:00:00+00:00,572.0103085041046,858.0154627561569,1144.0206170082092,1.1518,1.1225,1.0939,0.7827,0.5959,0.8211,0.5523
2020-07-06 06:00:00+00:00,649.270910024643,973.9063650369644,1298.541820049286,1.1876,1.2447,1.1948,0.9651,0.6088,1.0247,0.6434
2020-07-06 07:00:00+00:00,633.1205248832703,949.6807873249054,1266.2410497665405,1.1545,1.159,1.2216,1.039,0.6064,1.0434,0.6521
2020-07-06 08:00:00+00:00,621.0615813732147,931.5923720598221,1242.1231627464294,1.2185,1.1194,1.2901,0.9975,0.6303,0.9423,0.5969
2020-07-06 09:00:00+00:00,439.1079266866048,658.6618900299072,878.2158533732096,0.9203,0.9504,0.7912,0.6743,0.4748,0.6444,0.4429
2020-07-06 10:00:00+00:00,489.00731205940247,733.5109680891037,978.0146241188049,1.0343,1.0487,0.9994,0.689,0.4596,0.7324,0.5086
2020-07-06 11:00:00+00:00,535.9116911888123,803.8675367832184,1071.8233823776245,1.0608,0.9908,0.994,0.7665,0.4976,0.8235,0.5662
2020-07-06 12:00:00+00:00,604.2835056781769,906.4252585172653,1208.5670113563538,1.2953,1.1107,1.2854,0.9601,0.5902,0.866,0.5543
2020-07-06 13:00:00+00:00,618.4701919555664,927.7052879333496,1236.9403839111328,1.1269,1.2594,1.1564,1.014,0.6041,0.9776,0.597
2020-07-06 14:00:00+00:00,606.741213798523,910.1118206977844,1213.482427597046,1.1867,1.1712,1.1157,0.8912,0.5949,0.9766,0.5932
2020-07-06 15:00:00+00:00,576.1523902416229,864.2285853624344,1152.3047804832458,1.0491,1.2221,1.165,0.9275,0.6193,0.8296,0.6057
2020-07-06 16:00:00+00:00,509.406316280365,764.1094744205475,1018.81263256073,1.0603,0.9902,0.9698,0.7337,0.5164,0.7235,0.551
2020-07-06 17:00:00+00:00,385.0447654724121,577.5671482086182,770.0895309448242,0.7545,0.7112,0.7591,0.5863,0.3721,0.5579,0.3782
2020-07-06 18:00:00+00:00,292.67791112263996,439.01686668395996,585.3558222452799,0.5383,0.5664,0.6419,0.4746,0.2968,0.4107,0.2656
2020-07-06 19:00:00+00:00,187.62766520182294,281.4414978027344,375.25533040364587,0.3558,0.3519,0.3777,0.2745,0.1939,0.2769,0.1776
2020-07-06 20:00:00+00:00,124.40046469370525,186.60069704055786,248.8009293874105,0.2418,0.2709,0.2351,0.1895,0.1235,0.2009,0.1244
2020-07-06 21:00:00+00:00,119.53920523325603,179.30880784988403,239.07841046651205,0.2513,0.2547,0.2193,0.1783,0.1125,0.1783,0.1101
2020-07-06 22:00:00+00:00,113.92348607381186,170.88522911071777,227.84697214762372,0.2328,0.2486,0.2246,0.1707,0.1136,0.1786,0.1112
2020-07-06 23:00:00+00:00,122.46166070302328,183.6924910545349,244.92332140604657,0.252,0.2392,0.2542,0.1849,0.1261,0.1798,0.1298
2020-07-07 00:00:00+00:00,105.31233946482341,157.9685091972351,210.62467892964682,0.1949,0.2121,0.1928,0.1458,0.1097,0.1575,0.1101
2020-07-07 01:00:00+00:00,128.8930098215739,193.33951473236084,257.7860196431478,0.2703,0.2421,0.2553,0.1916,0.1418,0.2113,0.1358
2020-07-07 02:00:00+00:00,162.39933967590332,243.59900951385498,324.79867935180664,0.321,0.3274,0.3505,0.2231,0.1753,0.2401,0.1714
2020-07-07 03:00:00+00:00,188.01287015279135,282.019305229187,376.0257403055827,0.3732,0.3724,0.4036,0.3092,0.1745,0.258,0.1788
2020-07-07 04:00:00+00:00,235.4627768198649,353.19416522979736,470.9255536397298,0.494,0.462,0.4284,0.3518,0.2309,0.3394,0.2449
2020-07-07 05:00:00+00:00,216.3077712059021,324.46165680885315,432.6155424118042,0.4742,0.4207,0.444,0.304,0.2368,0.3212,0.2222
2020-07-07 06:00:00+00:00,218.7687079111735,328.15306186676025,437.537415822347,0.4466,0.4198,0.4079,0.3118,0.2308,0.3097,0.2397
2020-07-07 07:00:00+00:00,229.43106492360434,344.1465973854065,458.8621298472087,0.4228,0.4655,0.424,0.3434,0.2089,0.3282,0.2119
2020-07-07 08:00:00+00:00,256.1372637748718,384.20589566230774,512.2745275497437,0.511,0.5314,0.5191,0.3969,0.2502,0.4176,0.2787
2020-07-07 09:00:00+00:00,239.22377030054727,358.8356554508209,478.44754060109454,0.5127,0.4369,0.5005,0.3677,0.2227,0.3896,0.2201
2020-07-07 10:00:00+00:00,321.315598487854,481.973397731781,642.631196975708,0.6821,0.6308,0.6124,0.4829,0.3431,0.5071,0.2975
2020-07-07 11:00:00+00:00,362.96374797821045,544.4456219673157,725.9274959564209,0.7258,0.7653,0.7802,0.5443,0.3386,0.5253,0.3909
2020-07-07 12:00:00+00:00,385.80877780914307,578.7131667137146,771.6175556182861,0.7376,0.8317,0.7294,0.5533,0.4208,0.5681,0.3836
2020-07-07 13:00:00+00:00,364.1467809677124,546.2201714515686,728.2935619354248,0.778,0.7097,0.7833,0.5829,0.3861,0.5587,0.37
2020-07-07 14:00:00+00:00,351.93704764048255,527.9055714607239,703.8740952809651,0.6675,0.7209,0.7636,0.5621,0.3174,0.4975,0.3698
2020-07-07 15:00:00+00:00,333.968710899353,500.95306634902954,667.937421798706,0.6693,0.7284,0.6814,0.5026,0.354,0.5004,0.3038
2020-07-07 16:00:00+00:00,251.2244900067647,376.8367350101471,502.4489800135294,0.5318,0.5515,0.5298,0.3835,0.2701,0.3908,0.262
2020-07-07 17:00:00+00:00,165.3243064880371,247.98645973205566,330.6486129760742,0.3362,0.3536,0.3313,0.2552,0.1753,0.2478,0.1632
2020-07-07 18:00:00+00:00,170.12111345926922,255.1816701889038,340.24222691853845,0.3738,0.3152,0.3509,0.2654,0.1822,0.2754,0.1787
2020-07-07 19:00:00+00:00,200.6138285001119,300.92074275016785,401.2276570002238,0.3909,0.3839,0.4006,0.3004,0.2137,0.326,0.1938
2020-07-07 20:00:00+00:00,213.28855752944946,319.9328362941742,426.5771150588989,0.4533,0.4295,0.3993,0.3106,0.2034,0.3103,0.2173
2020-07-07 21:00:00+00:00,273.14230998357135,409.71346497535706,546.2846199671427,0.5386,0.5502,0.5186,0.441,0.2936,0.4373,0.299
2020-07-07 22:00:00+00:00,275.6703019142151,413.50545287132263,551.3406038284302,0.5421,0.5596,0.5423,0.4058,0.2776,0.4017,0.2999
2020-07-07 23:00:00+00:00,270.04890839258826,405.07336258888245,540.0978167851765,0.5256,0.5453,0.5566,0.369,0.2925,0.3647,0.2722
2020-07-08 00:00:00+00:00,234.25616025924683,351.38424038887024,468.51232051849365,0.4896,0.4288,0.5145,0.3585,0.2304,0.3404,0.245
2020-07-08 01:00:00+00:00,208.5417628288269,312.81264424324036,417.0835256576538,0.4354,0.4256,0.4133,0.3082,0.1968,0.3383,0.1949
2020-07-08 02:00:00+00:00,197.3578929901123,296.03683948516846,394.7157859802246,0.3865,0.3618,0.3686,0.3149,0.1867,0.2674,0.216
2020-07-08 03:00:00+00:00,253.41927210489908,380.12890815734863,506.83854420979816,0.4566,0.5149,0.4833,0.394,0.2406,0.4015,0.2663
2020-07-08 04:00:00+00:00,262.15111414591473,393.22667121887207,524.3022282918295,0.5749,0.5363,0.5336,0.407,0.2702,0.4052,0.2724
2020-07-08 05:00:00+00:00,276.02790991465247,414.04186487197876,552.0558198293049,0.5073,0.5835,0.5671,0.4376,0.2573,0.413,0.2669
2020-07-08 06:00:00+00:00,296.04235490163165,444.0635323524475,592.0847098032633,0.5468,0.5428,0.5603,0.4581,0.3247,0.4761,0.2929
2020-07-08 07:00:00+00:00,316.5504455566406,474.82566833496094,633.1008911132812,0.6261,0.6599,0.6517,0.4861,0.2966,0.5086,0.2923
2020-07-08 08:00:00+00:00,327.1031300226847,490.6546950340271,654.2062600453694,0.6975,0.6151,0.7066,0.4792,0.3455,0.518,0.3022
2020-07-08 09:00:00+00:00,330.1124493281046,495.168673992157,660.2248986562092,0.6946,0.7098,0.6513,0.4934,0.3235,0.5349,0.3245
2020-07-08 10:00:00+00:00,339.2570336659749,508.8855504989624,678.5140673319498,0.7357,0.6251,0.7349,0.471,0.3436,0.4956,0.3136
2020-07-08 11:00:00+00:00,420.16096115112305,630.2414417266846,840.3219223022461,0.7699,0.8731,0.9182,0.6418,0.3956,0.5773,0.4218
2020-07-08 12:00:00+00:00,400.96051692962646,601.4407753944397,801.9210338592529,0.8532,0.8683,0.7691,0.6608,0.4119,0.5583,0.3979
2020-07-08 13:00:00+00:00,329.14371490478516,493.71557235717773,658.2874298095703,0.6156,0.6153,0.617,0.5211,0.3013,0.5161,0.3252
2020-07-08 14:00:00+00:00,317.2070503234863,475.8105754852295,634.4141006469727,0.6504,0.6687,0.6369,0.4297,0.3362,0.4888,0.3055
2020-07-08 15:00:00+00:00,298.78309567769367,448.1746435165405,597.5661913553873,0.5689,0.5564,0.6204,0.4501,0.2975,0.4087,0.3007
2020-07-08 16:00:00+00:00,294.16091442108154,441.2413716316223,588.3218288421631,0.565,0.6402,0.5486,0.4319,0.2662,0.4246,0.3228
2020-07-08 17:00:00+00:00,293.3776299158732,440.0664448738098,586.7552598317463,0.6372,0.6426,0.5498,0.4758,0.2654,0.46,0.2725
2020-07-08 18:00:00+00:00,297.7358023325602,446.60370349884033,595.4716046651204,0.6438,0.5823,0.5544,0.4851,0.3173,0.475,0.3057
2020-07-08 19:00:00+00:00,302.01998551686603,453.0299782752991,604.0399710337321,0.6423,0.5494,0.6542,0.4678,0.3198,0.4877,0.2765
2020-07-08 20:00:00+00:00,308.2574923833211,462.3862385749817,616.5149847666422,0.5889,0.6618,0.5852,0.4803,0.3162,0.4821,0.2807
2020-07-08 21:00:00+00:00,234.6988836924235,352.04832553863525,469.397767384847,0.4731,0.4724,0.4444,0.3369,0.217,0.3401,0.2402
2020-07-08 22:00:00+00:00,241.37438535690308,362.0615780353546,482.74877071380615,0.4592,0.4793,0.4521,0.3278,0.2326,0.337,0.2427
2020-07-08 23:00:00+00:00,310.1572513580322,465.23587703704834,620.3145027160645,0.5875,0.5763,0.6222,0.448,0.3008,0.4662,0.3218
2020-07-09 00:00:00+00:00,328.16552321116126,492.24828481674194,656.3310464223225,0.6878,0.6262,0.6204,0.4856,0.3118,0.472,0.3003
2020-07-09 01:00:00+00:00,360.3880723317464,540.5821084976196,720.7761446634928,0.791,0.7401,0.7424,0.5891,0.3705,0.5915,0.3281
2020-07-09 02:00:00+00:00,382.94076124827063,574.411141872406,765.8815224965413,0.7564,0.7472,0.7498,0.5927,0.3985,0.5534,0.3649
2020-07-09 03:00:00+00:00,400.14027754465735,600.2104163169861,800.2805550893147,0.7458,0.8334,0.8392,0.5417,0.3703,0.6289,0.4199
2020-07-09 04:00:00+00:00,390.677801767985,586.0167026519775,781.35560353597,0.7804,0.753,0.8352,0.6151,0.4238,0.538,0.425
2020-07-09 05:00:00+00:00,493.21478605270386,739.8221790790558,986.4295721054077,0.9861,0.9295,1.0831,0.7193,0.4993,0.7753,0.5238
2020-07-09 06:00:00+00:00,650.9775996208191,976.4663994312286,1301.9551992416382,1.2568,1.4061,1.2231,1.0304,0.6978,0.9826,0.6531
2020-07-09 07:00:00+00:00,636.271208524704,954.406812787056,1272.542417049408,1.2386,1.3563,1.1726,1.0066,0.6893,0.9714,0.5796
2020-07-09 08:00:00+00:00,626.2290716171265,939.3436074256897,1252.458143234253,1.3212,1.129,1.1683,0.9748,0.5708,0.9097,0.6483
2020-07-09 09:00:00+00:00,541.3663923740387,812.049588561058,1082.7327847480774,1.0346,1.0733,1.0289,0.8221,0.4917,0.828,0.4938
2020-07-09 10:00:00+00:00,592.6024854183197,888.9037281274796,1185.2049708366394,1.2781,1.273,1.2011,0.9442,0.5338,0.8849,0.6506
2020-07-09 11:00:00+00:00,638.6846601963043,958.0269902944565,1277.3693203926086,1.3865,1.2148,1.2645,0.8777,0.6764,1.0107,0.7007
2020-07-09 12:00:00+00:00,605.2232444286346,907.834866642952,1210.4464888572693,1.1635,1.1465,1.1124,0.9434,0.612,0.9747,0.5863
2020-07-09 13:00:00+00:00,489.7005021572113,734.550753235817,979.4010043144226,0.9225,0.9764,1.0244,0.7377,0.4421,0.7863,0.5102
2020-07-09 14:00:00+00:00,374.9528646469116,562.4292969703674,749.9057292938232,0.8164,0.7141,0.6943,0.5397,0.3408,0.518,0.3523
2020-07-09 15:00:00+00:00,251.1535406112671,376.73031091690063,502.3070812225342,0.5196,0.4549,0.4769,0.3931,0.2309,0.3834,0.2493
2020-07-09 16:00:00+00:00,218.82880926132202,328.24321389198303,437.65761852264404,0.4725,0.3954,0.4033,0.3453,0.2177,0.3255,0.201
2020-07-09 17:00:00+00:00,164.52016830444336,246.78025245666504,329.0403366088867,0.322,0.3511,0.3174,0.2566,0.1715,0.2435,0.1807
2020-07-09 18:00:00+00:00,137.50632603963217,206.25948905944824,275.01265207926434,0.2594,0.2702,0.2843,0.204,0.1499,0.2059,0.1263
2020-07-09 19:00:00+00:00,153.76836458841962,230.6525468826294,307.53672917683923,0.3278,0.301,0.3267,0.2458,0.159,0.215,0.1598
2020-07-09 20:00:00+00:00,144.413963953654,216.62094593048096,288.827927907308,0.304,0.316,0.2758,0.2242,0.1369,0.2154,0.1347
2020-07-09 21:00:00+00:00,184.56077575683594,276.8411636352539,369.1215515136719,0.371,0.3679,0.3568,0.2718,0.1986,0.2738,0.1873
2020-07-09 22:00:00+00:00,293.412439028422,440.11865854263306,586.824878056844,0.601,0.5432,0.6213,0.443,0.2851,0.3985,0.265
2020-07-09 23:00:00+00:00,345.49545447031653,518.2431817054749,690.9909089406331,0.6941,0.6447,0.7537,0.5471,0.3516,0.5074,0.3327
2020-07-10 00:00:00+00:00,400.13391971588135,600.200879573822,800.2678394317627,0.806,0.8539,0.836,0.5994,0.3874,0.6341,0.4118
2020-07-10 01:00:00+00:00,442.35475063323975,663.5321259498596,884.7095012664795,0.9462,0.8361,0.9515,0.5975,0.4101,0.6249,0.4276
2020-07-10 02:00:00+00:00,459.1091573238373,688.6637359857559,918.2183146476746,0.972,0.9516,0.961,0.6938,0.4313,0.6787,0.4494
2020-07-10 03:00:00+00:00,462.185275554657,693.2779133319855,924.370551109314,0.8629,0.9825,0.9744,0.6715,0.4678,0.648,0.5011
2020-07-10 04:00:00+00:00,592.3268616199493,888.490292429924,1184.6537232398987,1.1417,1.226,1.0853,0.8363,0.6401,0.8201,0.6063
2020-07-10 05:00:00+00:00,580.5933237075806,870.8899855613708,1161.1866474151611,1.2172,1.189,1.1422,0.8179,0.5348,0.7985,0.5319
2020-07-10 06:00:00+00:00,524.1272985935211,786.1909478902817,1048.2545971870422,1.1035,1.0487,1.1109,0.8429,0.5602,0.7103,0.5615
2020-07-10 07:00:00+00:00,538.2370591163635,807.3555886745453,1076.474118232727,1.1617,1.1463,1.0877,0.7722,0.5262,0.7934,0.5353
2020-07-10 08:00:00+00:00,490.81013202667236,736.2151980400085,981.6202640533447,0.8933,0.9132,0.9515,0.7393,0.5069,0.7156,0.5251
2020-07-10 09:00:00+00:00,409.9628845850626,614.944326877594,819.9257691701252,0.7586,0.8784,0.8765,0.5887,0.4376,0.5609,0.3716
2020-07-10 10:00:00+00:00,410.76234181722003,616.1435127258301,821.5246836344401,0.74,0.8098,0.8874,0.6348,0.4159,0.6015,0.3814
2020-07-10 11:00:00+00:00,398.2160806655884,597.3241209983826,796.4321613311768,0.8627,0.7263,0.8172,0.5642,0.3905,0.5745,0.3714
2020-07-10 12:00:00+00:00,402.3085355758667,603.4628033638,804.6170711517334,0.8523,0.8165,0.8218,0.5436,0.3978,0.6163,0.4286
2020-07-10 13:00:00+00:00,416.94580713907874,625.4187107086182,833.8916142781575,0.7939,0.9171,0.7511,0.5655,0.3925,0.5865,0.405
2020-07-10 14:00:00+00:00,408.14812183380127,612.2221827507019,816.2962436676025,0.8103,0.8785,0.8568,0.6581,0.4426,0.561,0.418
2020-07-10 15:00:00+00:00,440.48829078674316,660.7324361801147,880.9765815734863,0.882,0.8343,0.9491,0.5972,0.4216,0.667,0.4579
2020-07-10 16:00:00+00:00,411.83379491170246,617.7506923675537,823.6675898234049,0.7735,0.7789,0.7812,0.6592,0.4077,0.5725,0.3772
2020-07-10 17:00:00+00:00,345.65038681030273,518.4755802154541,691.3007736206055,0.6497,0.6854,0.7418,0.5144,0.3665,0.5034,0.3317
2020-07-10 18:00:00+00:00,236.0836386680603,354.12545800209045,472.1672773361206,0.4743,0.4538,0.518,0.3889,0.2307,0.351,0.2241
2020-07-10 19:00:00+00:00,158.35846265157065,237.53769397735596,316.7169253031413,0.334,0.2993,0.3442,0.2458,0.1525,0.2285,0.1673
2020-07-10 20:00:00+00:00,142.95307795206708,214.4296169281006,285.90615590413415,0.2701,0.3104,0.3054,0.2068,0.1452,0.23,0.1454
2020-07-10 21:00:00+00:00,160.16507148742676,240.24760723114014,320.3301429748535,0.3269,0.3342,0.3323,0.2517,0.1698,0.2489,0.1646
2020-07-10 22:00:00+00:00,143.24593544006348,214.86890316009521,286.49187088012695,0.2917,0.2929,0.2768,0.2249,0.1406,0.2146,0.1555
2020-07-10 23:00:00+00:00,156.40858014424643,234.61287021636963,312.81716028849286,0.3302,0.298,0.3387,0.2229,0.1437,0.2398,0.171
2020-07-11 00:00:00+00:00,121.88076972961427,182.8211545944214,243.76153945922854,0.254,0.2539,0.2476,0.1899,0.1337,0.1899,0.1194
2020-07-11 01:00:00+00:00,94.56931749979655,141.85397624969482,189.1386349995931,0.1703,0.1922,0.1853,0.1347,0.1017,0.1477,0.0871
2020-07-11 02:00:00+00:00,88.6911153793335,133.03667306900024,177.382230758667,0.189,0.1649,0.1611,0.145,0.0885,0.1337,0.0971
2020-07-11 03:00:00+00:00,103.81092230478923,155.71638345718384,207.62184460957846,0.2276,0.1874,0.2141,0.1644,0.1088,0.1469,0.1128
2020-07-11 04:00:00+00:00,116.43830140431723,174.65745210647583,232.87660280863446,0.2177,0.2435,0.2206,0.16,0.1252,0.1916,0.1085
2020-07-11 05:00:00+00:00,106.90541267395021,160.3581190109253,213.81082534790042,0.2209,0.2018,0.2127,0.1518,0.1126,0.1456,0.0993
2020-07-11 06:00:00+00:00,107.63186613718669,161.44779920578003,215.26373227437338,0.2177,0.2082,0.2268,0.1602,0.1011,0.1526,0.1039
2020-07-11 07:00:00+00:00,148.85018666585287,223.2752799987793,297.70037333170575,0.2732,0.3248,0.3043,0.2154,0.1635,0.2388,0.1446
2020-07-11 08:00:00+00:00,190.41120211283368,285.6168031692505,380.82240422566736,0.3798,0.366,0.3477,0.2705,0.202,0.3081,0.1957
2020-07-11 09:00:00+00:00,184.39927101135254,276.5989065170288,368.7985420227051,0.3366,0.3902,0.3409,0.2742,0.2016,0.299,0.2003
2020-07-11 10:00:00+00:00,227.29745705922446,340.94618558883667,454.5949141184489,0.4561,0.4361,0.4145,0.3463,0.2155,0.3323,0.2151
2020-07-11 11:00:00+00:00,280.2694956461588,420.4042434692383,560.5389912923176,0.5657,0.6007,0.6166,0.4425,0.2702,0.4384,0.2688
2020-07-11 12:00:00+00:00,310.67922910054523,466.01884365081787,621.3584582010905,0.673,0.6454,0.6424,0.4989,0.2927,0.4949,0.3201
2020-07-11 13:00:00+00:00,338.11330000559485,507.16995000839233,676.2266000111897,0.6268,0.6207,0.6672,0.4765,0.3081,0.4746,0.3251
2020-07-11 14:00:00+00:00,358.4077676137288,537.6116514205933,716.8155352274576,0.7219,0.7334,0.7156,0.4927,0.3828,0.5876,0.3686
2020-07-11 15:00:00+00:00,374.68881607055664,562.033224105835,749.3776321411133,0.8043,0.754,0.786,0.6161,0.4106,0.5232,0.3452
2020-07-11 16:00:00+00:00,380.77123165130615,571.1568474769592,761.5424633026123,0.6977,0.753,0.696,0.5202,0.3607,0.5859,0.4141
2020-07-11 17:00:00+00:00,338.3455991744995,507.51839876174927,676.691198348999,0.6459,0.7429,0.6393,0.46,0.3284,0.5575,0.3676
2020-07-11 18:00:00+00:00,236.88446680704752,355.3267002105713,473.76893361409503,0.4352,0.5093,0.4942,0.3366,0.2414,0.3206,0.2457
2020-07-11 19:00:00+00:00,180.2823861440023,270.4235792160034,360.5647722880046,0.3694,0.3705,0.3323,0.2808,0.1855,0.2839,0.1958
2020-07-11 20:00:00+00:00,170.40937741597494,255.6140661239624,340.8187548319499,0.367,0.3616,0.3273,0.2763,0.1544,0.2346,0.1767
2020-07-11 21:00:00+00:00,187.92980511983237,281.89470767974854,375.85961023966473,0.4037,0.3654,0.3877,0.3004,0.1952,0.2984,0.2024
2020-07-11 22:00:00+00:00,175.08161862691244,262.62242794036865,350.1632372538249,0.3545,0.3535,0.3481,0.2841,0.1597,0.2441,0.1883
2020-07-11 23:00:00+00:00,170.96227010091147,256.4434051513672,341.92454020182294,0.3468,0.3575,0.3301,0.2585,0.1588,0.2706,0.1869
2020-07-12 00:00:00+00:00,170.80135345458984,256.20203018188477,341.6027069091797,0.3546,0.3237,0.3602,0.2444,0.1806,0.2555,0.1736
2020-07-12 01:00:00+00:00,167.97850926717123,251.96776390075684,335.95701853434247,0.3656,0.3482,0.309,0.2762,0.1725,0.2496,0.166
2020-07-12 02:00:00+00:00,142.83757209777832,214.25635814666748,285.67514419555664,0.2601,0.3031,0.2903,0.2073,0.1296,0.1992,0.1377
2020-07-12 03:00:00+00:00,122.60018984476726,183.90028476715088,245.20037968953451,0.2666,0.2398,0.2428,0.198,0.1273,0.1787,0.1271
2020-07-12 04:00:00+00:00,159.3302090962728,238.99531364440918,318.6604181925456,0.3468,0.3376,0.3418,0.219,0.1652,0.2557,0.1615
2020-07-12 05:00:00+00:00,139.58745002746582,209.38117504119873,279.17490005493164,0.2752,0.3019,0.2651,0.2122,0.1416,0.2266,0.1353
2020-07-12 06:00:00+00:00,164.40165837605795,246.6024875640869,328.8033167521159,0.3538,0.3071,0.3099,0.2702,0.1646,0.2544,0.1554
2020-07-12 07:00:00+00:00,187.5476837158203,281.32152557373047,375.0953674316406,0.3571,0.4109,0.3873,0.2571,0.1931,0.2656,0.1719
2020-07-12 08:00:00+00:00,198.70715141296387,298.0607271194458,397.41430282592773,0.3932,0.37,0.3634,0.2984,0.2069,0.3119,0.1841
2020-07-12 09:00:00+00:00,222.01002836227417,333.01504254341125,444.02005672454834,0.4549,0.4324,0.4763,0.3347,0.2189,0.3131,0.2382
2020-07-12 10:00:00+00:00,251.672101020813,377.5081515312195,503.344202041626,0.5276,0.5472,0.4871,0.3438,0.2401,0.3504,0.2504
2020-07-12 11:00:00+00:00,265.14205535252887,397.71308302879333,530.2841107050577,0.5714,0.5767,0.5091,0.4078,0.2806,0.4176,0.2503
2020-07-12 12:00:00+00:00,260.4904890060425,390.7357335090637,520.980978012085,0.527,0.532,0.5443,0.3879,0.2548,0.3987,0.2506
2020-07-12 13:00:00+00:00,239.81302181879678,359.7195327281952,479.62604363759357,0.5041,0.4806,0.4448,0.3543,0.2194,0.3949,0.2218
2020-07-12 14:00:00+00:00,224.07445510228476,336.1116826534271,448.1489102045695,0.4201,0.4294,0.4559,0.3638,0.2447,0.3587,0.2245
2020-07-12 15:00:00+00:00,239.6438439687093,359.46576595306396,479.2876879374186,0.4486,0.4472,0.4934,0.3479,0.2546,0.3728,0.2551
2020-07-12 16:00:00+00:00,259.32865540186566,388.99298310279846,518.6573108037313,0.5565,0.4869,0.5048,0.3622,0.2366,0.3909,0.2802
2020-07-12 17:00:00+00:00,227.19348669052124,340.79023003578186,454.3869733810425,0.444,0.465,0.4784,0.3655,0.2439,0.3266,0.2498
2020-07-12 18:00:00+00:00,204.12938992182413,306.1940848827362,408.25877984364826,0.41,0.4001,0.4413,0.2878,0.2064,0.3169,0.1948
2020-07-12 19:00:00+00:00,195.08965810139975,292.6344871520996,390.1793162027995,0.4155,0.3539,0.3813,0.2726,0.2077,0.2823,0.2072
2020-07-12 20:00:00+00:00,187.49577204386395,281.2436580657959,374.9915440877279,0.3967,0.41,0.3432,0.2884,0.1932,0.293,0.1987
2020-07-12 21:00:00+00:00,205.3105354309082,307.9658031463623,410.6210708618164,0.425,0.3713,0.4502,0.2783,0.1855,0.2857,0.2192
2020-07-12 22:00:00+00:00,187.1009667714437,280.6514501571655,374.2019335428874,0.3395,0.3466,0.3665,0.2856,0.1899,0.3016,0.1826
2020-07-12 23:00:00+00:00,168.50713094075522,252.7606964111328,337.01426188151044,0.3047,0.3448,0.3259,0.271,0.1816,0.2482,0.1597
2020-07-13 00:00:00+00:00,161.5327040354411,242.29905605316162,323.0654080708822,0.3056,0.2963,0.3503,0.2526,0.1661,0.2348,0.1763
2020-07-13 01:00:00+00:00,147.0124403635661,220.51866054534912,294.0248807271322,0.265,0.2844,0.2728,0.2397,0.1359,0.2141,0.1325
2020-07-13 02:00:00+00:00,139.99648094177246,209.9947214126587,279.9929618835449,0.2678,0.2526,0.2609,0.2241,0.1297,0.2073,0.1275
2020-07-13 03:00:00+00:00,170.73214848836264,256.09822273254395,341.4642969767253,0.3158,0.3129,0.3314,0.2697,0.169,0.28,0.1633
2020-07-13 04:00:00+00:00,124.4590997695923,186.68864965438843,248.9181995391846,0.2727,0.2327,0.2477,0.1832,0.1178,0.1838,0.1277
2020-07-13 05:00:00+00:00,96.65123621622722,144.97685432434082,193.30247243245444,0.1852,0.1877,0.2109,0.155,0.0899,0.1429,0.1058
2020-07-13 06:00:00+00:00,94.45343812306723,141.68015718460083,188.90687624613446,0.183,0.1811,0.1787,0.152,0.0912,0.1428,0.1011
2020-07-13 07:00:00+00:00,112.28545506795248,168.4281826019287,224.57091013590497,0.2309,0.2107,0.2282,0.1792,0.1066,0.1789,0.1209
2020-07-13 08:00:00+00:00,159.33593114217123,239.00389671325684,318.67186228434247,0.3062,0.3503,0.2943,0.2461,0.1711,0.2344,0.1548
2020-07-13 09:00:00+00:00,180.87210655212402,271.30815982818604,361.74421310424805,0.397,0.3513,0.3852,0.245,0.1702,0.2533,0.178
2020-07-13 10:00:00+00:00,148.26526641845703,222.39789962768555,296.53053283691406,0.3109,0.3196,0.2837,0.2156,0.1492,0.2298,0.1373
2020-07-13 11:00:00+00:00,119.17481422424318,178.76222133636475,238.34962844848636,0.258,0.2394,0.2177,0.1639,0.1212,0.1775,0.1275
2020-07-13 12:00:00+00:00,117.60695775349936,176.41043663024902,235.21391550699872,0.2526,0.2545,0.2129,0.1875,0.116,0.1935,0.1146
2020-07-13 13:00:00+00:00,146.74382209777832,220.11573314666748,293.48764419555664,0.2739,0.3019,0.271,0.2287,0.1452,0.2037,0.1408
2020-07-13 14:00:00+00:00,178.05628776550293,267.0844316482544,356.11257553100586,0.3597,0.3248,0.3678,0.2589,0.1933,0.2876,0.1627
2020-07-13 15:00:00+00:00,195.579465230306,293.369197845459,391.158930460612,0.4033,0.424,0.3916,0.2647,0.2053,0.2713,0.208
2020-07-13 16:00:00+00:00,221.70926332473755,332.5638949871063,443.4185266494751,0.4614,0.4266,0.4561,0.3596,0.2154,0.3204,0.2318
2020-07-13 17:00:00+00:00,174.1070588429769,261.16058826446533,348.2141176859538,0.3398,0.3215,0.3226,0.2659,0.1794,0.2453,0.1762
2020-07-13 18:00:00+00:00,135.50974527994794,203.26461791992188,271.01949055989587,0.2806,0.2937,0.2511,0.21,0.1441,0.214,0.1437
2020-07-13 19:00:00+00:00,159.08315976460776,238.62473964691162,318.1663195292155,0.3425,0.3301,0.2969,0.238,0.1601,0.2328,0.1748
2020-07-13 20:00:00+00:00,193.9394474029541,290.90917110443115,387.8788948059082,0.3914,0.4028,0.3736,0.2973,0.1961,0.2942,0.2094
2020-07-13 21:00:00+00:00,150.6414572397868,225.96218585968018,301.2829144795736,0.3213,0.3088,0.3117,0.2411,0.1607,0.2117,0.1512
2020-07-13 22:00:00+00:00,56.75241152445476,85.12861728668213,113.50482304890951,0.1083,0.1235,0.1219,0.0789,0.0576,0.0804,0.0566
2020-07-13 23:00:00+00:00,110.5104128519694,165.7656192779541,221.0208257039388,0.2342,0.2333,0.2141,0.1682,0.1123,0.168,0.1078
2020-07-14 00:00:00+00:00,119.92801825205485,179.89202737808228,239.8560365041097,0.2404,0.2193,0.2572,0.1924,0.1194,0.1656,0.1317
2020-07-14 01:00:00+00:00,148.98260434468588,223.4739065170288,297.96520868937176,0.3233,0.2755,0.2705,0.2063,0.1571,0.2385,0.138
2020-07-14 02:00:00+00:00,189.71950213114422,284.5792531967163,379.43900426228845,0.3893,0.3637,0.3756,0.2815,0.1826,0.2568,0.1768
2020-07-14 03:00:00+00:00,194.24788157145184,291.37182235717773,388.4957631429037,0.3658,0.3522,0.3567,0.2842,0.2004,0.2739,0.175
2020-07-14 04:00:00+00:00,224.3052045504252,336.4578068256378,448.6104091008504,0.4331,0.491,0.4395,0.3161,0.221,0.3033,0.24
2020-07-14 05:00:00+00:00,192.74994532267254,289.1249179840088,385.4998906453451,0.3592,0.3839,0.4002,0.3033,0.1758,0.2909,0.198
2020-07-14 06:00:00+00:00,237.02119986216226,355.5317997932434,474.0423997243245,0.5006,0.434,0.47,0.3786,0.2484,0.3484,0.2302
2020-07-14 07:00:00+00:00,202.27558612823486,303.4133791923523,404.5511722564697,0.4173,0.3701,0.4191,0.2838,0.2077,0.314,0.2156
2020-07-14 08:00:00+00:00,238.73191277186075,358.09786915779114,477.4638255437215,0.4829,0.496,0.432,0.3909,0.2285,0.3539,0.226
2020-07-14 09:00:00+00:00,222.59856462478638,333.89784693717957,445.19712924957275,0.4734,0.4062,0.4629,0.3242,0.2361,0.31,0.2339
2020-07-14 10:00:00+00:00,260.1338942845662,390.20084142684937,520.2677885691324,0.5536,0.5712,0.5197,0.3898,0.284,0.3593,0.2512
2020-07-14 11:00:00+00:00,246.38377825419107,369.5756673812866,492.76755650838214,0.5231,0.4516,0.4867,0.3805,0.2551,0.3988,0.2463
2020-07-14 12:00:00+00:00,290.96892674763996,436.45339012145996,581.9378534952799,0.5531,0.609,0.5554,0.457,0.272,0.4246,0.3101
2020-07-14 13:00:00+00:00,285.7090950012207,428.56364250183105,571.4181900024414,0.6271,0.6257,0.5478,0.455,0.2772,0.4376,0.2776
2020-07-14 14:00:00+00:00,304.6791871388753,457.018780708313,609.3583742777506,0.5818,0.6459,0.6637,0.4739,0.3048,0.4856,0.2981
2020-07-14 15:00:00+00:00,208.15580288569132,312.233704328537,416.31160577138263,0.4488,0.455,0.382,0.3125,0.2015,0.314,0.221
2020-07-14 16:00:00+00:00,221.81502183278403,332.722532749176,443.63004366556805,0.4044,0.4373,0.4815,0.3621,0.2011,0.3317,0.205
2020-07-14 17:00:00+00:00,256.712528069814,385.06879210472107,513.425056139628,0.5549,0.4863,0.5148,0.4052,0.2467,0.3755,0.2734
2020-07-14 18:00:00+00:00,219.7733243306478,329.6599864959717,439.5466486612956,0.415,0.4254,0.4602,0.3119,0.2134,0.3202,0.2104
2020-07-14 19:00:00+00:00,182.66456921895346,273.9968538284302,365.3291384379069,0.3752,0.3833,0.3822,0.2852,0.1764,0.2599,0.1665
2020-07-14 20:00:00+00:00,162.24735577901205,243.37103366851807,324.4947115580241,0.3159,0.3493,0.3193,0.2632,0.1617,0.2427,0.1497
2020-07-14 21:00:00+00:00,187.3010317484538,280.95154762268066,374.6020634969076,0.3936,0.398,0.3791,0.2669,0.1851,0.3022,0.2027
2020-07-14 22:00:00+00:00,161.50983174641928,242.2647476196289,323.01966349283856,0.3011,0.3432,0.3246,0.2224,0.154,0.2337,0.1622
2020-07-14 23:00:00+00:00,143.72730255126953,215.5909538269043,287.45460510253906,0.2725,0.2593,0.2834,0.2121,0.1326,0.2362,0.1422
2020-07-15 00:00:00+00:00,109.48371092478435,164.2255663871765,218.9674218495687,0.214,0.2254,0.2169,0.1657,0.1164,0.1644,0.1177
2020-07-15 01:00:00+00:00,71.52631282806396,107.28946924209595,143.05262565612793,0.1409,0.1538,0.1478,0.1026,0.0649,0.0991,0.0645
2020-07-15 02:00:00+00:00,51.78587436676026,77.67881155014038,103.57174873352052,0.1027,0.1124,0.1059,0.0701,0.0565,0.0767,0.0564
2020-07-15 03:00:00+00:00,65.3407375017802,98.01110625267029,130.6814750035604,0.1303,0.1272,0.1282,0.089,0.0706,0.1042,0.0632
2020-07-15 04:00:00+00:00,88.65694204966228,132.9854130744934,177.31388409932455,0.1691,0.1779,0.1717,0.146,0.0815,0.137,0.0806
2020-07-15 05:00:00+00:00,50.19838412602743,75.29757618904114,100.39676825205485,0.0975,0.103,0.107,0.082,0.0546,0.0801,0.0515
2020-07-15 06:00:00+00:00,23.478857676188152,35.21828651428223,46.957715352376304,0.0435,0.0447,0.046,0.038,0.0238,0.0339,0.0218
2020-07-15 07:00:00+00:00,5.864784121513367,8.79717618227005,11.729568243026733,0.0119,0.0112,0.0112,0.0088,0.0062,0.0084,0.0064
2020-07-15 08:00:00+00:00,26.532220840454105,39.79833126068115,53.06444168090821,0.0553,0.0502,0.0484,0.0359,0.0259,0.0377,0.0277
2020-07-15 09:00:00+00:00,29.717165231704715,44.57574784755707,59.43433046340943,0.0545,0.0597,0.0595,0.0415,0.0281,0.046,0.0291
2020-07-15 10:00:00+00:00,23.666699727376304,35.50004959106445,47.33339945475261,0.0436,0.0493,0.0494,0.0327,0.0247,0.0328,0.0259
2020-07-15 11:00:00+00:00,73.71340592702231,110.57010889053345,147.42681185404462,0.143,0.1541,0.142,0.1173,0.0769,0.1141,0.0764
2020-07-15 12:00:00+00:00,76.83979670206706,115.25969505310059,153.67959340413412,0.1553,0.1474,0.1541,0.1138,0.0775,0.1196,0.0841
2020-07-15 13:00:00+00:00,107.30075836181642,160.9511375427246,214.60151672363284,0.2097,0.204,0.1939,0.1461,0.1054,0.1737,0.0976
2020-07-15 14:00:00+00:00,102.06164518992107,153.0924677848816,204.12329037984213,0.2194,0.1848,0.223,0.1457,0.0984,0.1536,0.1104
2020-07-15 15:00:00+00:00,115.40106932322185,173.10160398483276,230.8021386464437,0.2136,0.2329,0.2458,0.1897,0.1132,0.1722,0.1041
2020-07-15 16:00:00+00:00,133.7963581085205,200.69453716278076,267.592716217041,0.2592,0.2785,0.2761,0.1931,0.1286,0.1892,0.1398
2020-07-15 17:00:00+00:00,147.9006290435791,221.85094356536865,295.8012580871582,0.3221,0.2888,0.3181,0.2009,0.1376,0.2312,0.1616
2020-07-15 18:00:00+00:00,111.09817028045656,166.64725542068481,222.19634056091311,0.2016,0.2033,0.2015,0.1637,0.106,0.1539,0.1016
2020-07-15 19:00:00+00:00,105.9585730234782,158.93785953521729,211.9171460469564,0.1973,0.2094,0.2048,0.1482,0.1008,0.157,0.1036
2020-07-15 20:00:00+00:00,123.24459552764894,184.8668932914734,246.48919105529788,0.2279,0.2325,0.2254,0.169,0.1269,0.1995,0.1267
2020-07-15 21:00:00+00:00,116.14529291788737,174.21793937683105,232.29058583577475,0.2319,0.2256,0.2408,0.1639,0.1167,0.1612,0.1065
2020-07-15 22:00:00+00:00,148.651393254598,222.97708988189697,297.302786509196,0.3201,0.3222,0.3137,0.2383,0.1558,0.2393,0.1393
2020-07-15 23:00:00+00:00,181.481138865153,272.2217082977295,362.962277730306,0.3741,0.3336,0.3898,0.2536,0.1736,0.2601,0.1893
2020-07-16 00:00:00+00:00,215.89834690093994,323.8475203514099,431.7966938018799,0.4685,0.3986,0.4267,0.3427,0.2149,0.2992,0.2197
2020-07-16 01:00:00+00:00,246.3942289352417,369.59134340286255,492.7884578704834,0.478,0.4678,0.4901,0.3387,0.2623,0.3371,0.2427
2020-07-16 02:00:00+00:00,260.976246992747,391.4643704891205,521.952493985494,0.5655,0.5316,0.4834,0.3616,0.2787,0.3788,0.2601
2020-07-16 03:00:00+00:00,271.13566001256305,406.7034900188446,542.2713200251261,0.5457,0.4999,0.5516,0.4171,0.2885,0.3827,0.2806
2020-07-16 04:00:00+00:00,288.4336233139038,432.6504349708557,576.8672466278076,0.5355,0.6169,0.5957,0.4208,0.2904,0.4089,0.2969
2020-07-16 05:00:00+00:00,292.4174388249715,438.6261582374573,584.834877649943,0.5507,0.5463,0.5729,0.4019,0.2942,0.3966,0.3107
2020-07-16 06:00:00+00:00,313.9894326527913,470.984148979187,627.9788653055826,0.6534,0.6398,0.5731,0.4538,0.3097,0.5012,0.295
2020-07-16 07:00:00+00:00,325.7009903589884,488.55148553848267,651.4019807179768,0.633,0.6821,0.6282,0.4801,0.3577,0.4709,0.3479
2020-07-16 08:00:00+00:00,316.45861466725665,474.687922000885,632.9172293345133,0.6127,0.6651,0.5969,0.4909,0.3115,0.4914,0.3165
2020-07-16 09:00:00+00:00,312.0037237803141,468.0055856704712,624.0074475606282,0.6121,0.6458,0.6863,0.4267,0.3396,0.4412,0.3198
2020-07-16 10:00:00+00:00,298.091721534729,447.1375823020935,596.183443069458,0.5712,0.5717,0.5761,0.4522,0.3087,0.4433,0.3098
2020-07-16 11:00:00+00:00,330.9527556101481,496.42913341522217,661.9055112202961,0.7177,0.7197,0.6666,0.5242,0.3302,0.5354,0.3033
2020-07-16 12:00:00+00:00,375.5369106928507,563.3053660392761,751.0738213857014,0.6848,0.7272,0.7796,0.6074,0.3489,0.5265,0.3794
2020-07-16 13:00:00+00:00,383.935284614563,575.9029269218445,767.870569229126,0.6991,0.7151,0.8416,0.5603,0.3974,0.5855,0.4133
2020-07-16 14:00:00+00:00,362.6485586166382,543.9728379249573,725.2971172332764,0.7181,0.6803,0.7265,0.5523,0.3898,0.5603,0.365
2020-07-16 15:00:00+00:00,323.50690364837646,485.2603554725647,647.0138072967529,0.6218,0.5971,0.5869,0.4864,0.3186,0.4897,0.3318
2020-07-16 16:00:00+00:00,267.40695238113403,401.11042857170105,534.8139047622681,0.566,0.5371,0.5686,0.4326,0.2858,0.4043,0.2597
2020-07-16 17:00:00+00:00,262.8085136413574,394.21277046203613,525.6170272827148,0.5436,0.5446,0.4853,0.4135,0.2815,0.427,0.2558
2020-07-16 18:00:00+00:00,244.3800687789917,366.57010316848755,488.7601375579834,0.5,0.4935,0.4722,0.3623,0.2437,0.3318,0.2371
2020-07-16 19:00:00+00:00,212.6192569732666,318.9288854598999,425.2385139465332,0.3886,0.3981,0.3925,0.3226,0.2238,0.2988,0.1988
2020-07-16 20:00:00+00:00,180.33749262491864,270.50623893737793,360.6749852498373,0.3335,0.353,0.3849,0.2826,0.1867,0.2948,0.1974
2020-07-16 21:00:00+00:00,158.14226468404135,237.213397026062,316.2845293680827,0.3071,0.2894,0.3362,0.2537,0.1561,0.2171,0.1735
2020-07-16 22:00:00+00:00,137.09909121195477,205.64863681793213,274.19818242390954,0.2621,0.3004,0.264,0.1905,0.1367,0.2128,0.1388
2020-07-16 23:00:00+00:00,131.55704339345297,197.33556509017944,263.11408678690594,0.2858,0.2378,0.2372,0.203,0.1376,0.1986,0.123
2020-07-17 00:00:00+00:00,129.68415419260663,194.5262312889099,259.36830838521325,0.248,0.2756,0.2552,0.1852,0.1413,0.2085,0.1395
2020-07-17 01:00:00+00:00,118.63411267598471,177.95116901397705,237.26822535196942,0.2171,0.2576,0.2244,0.1645,0.1253,0.1926,0.1258
2020-07-17 02:00:00+00:00,107.12595780690512,160.68893671035767,214.25191561381024,0.2159,0.213,0.2042,0.1626,0.1176,0.1648,0.1055
2020-07-17 03:00:00+00:00,95.6389347712199,143.45840215682983,191.2778695424398,0.1941,0.1918,0.208,0.152,0.0911,0.1453,0.0959
2020-07-17 04:00:00+00:00,85.65467993418376,128.48201990127563,171.30935986836752,0.185,0.1718,0.1805,0.1267,0.0891,0.1297,0.0889
2020-07-17 05:00:00+00:00,87.58490880330405,131.37736320495605,175.1698176066081,0.1878,0.1769,0.1848,0.1304,0.0817,0.1304,0.0846
2020-07-17 06:00:00+00:00,75.95805327097575,113.93707990646362,151.9161065419515,0.1384,0.1632,0.144,0.1069,0.0792,0.1252,0.0724
2020-07-17 07:00:00+00:00,73.02163441975912,109.53245162963867,146.04326883951825,0.1402,0.1444,0.1334,0.1174,0.0765,0.1061,0.0667
2020-07-17 08:00:00+00:00,64.43322102228801,96.649831533432,128.86644204457602,0.1295,0.1301,0.1175,0.0905,0.0617,0.0892,0.0707
2020-07-17 09:00:00+00:00,45.520126819610596,68.2801902294159,91.04025363922119,0.0825,0.0969,0.097,0.0689,0.0446,0.075,0.0434
2020-07-17 10:00:00+00:00,63.76283168792725,95.64424753189087,127.5256633758545,0.1185,0.1251,0.1262,0.0886,0.0655,0.1031,0.0588
2020-07-17 11:00:00+00:00,74.13390477498373,111.20085716247559,148.26780954996747,0.1399,0.1452,0.1425,0.1185,0.0786,0.1111,0.0793
2020-07-17 12:00:00+00:00,89.15307521820068,133.72961282730103,178.30615043640137,0.1819,0.1738,0.1611,0.1289,0.0911,0.1338,0.0823
2020-07-17 13:00:00+00:00,81.66806697845459,122.50210046768188,163.33613395690918,0.1537,0.1598,0.1707,0.1299,0.0852,0.1166,0.0892
2020-07-17 14:00:00+00:00,76.36086146036784,114.54129219055176,152.7217229207357,0.1651,0.1399,0.1451,0.1147,0.0716,0.117,0.074
2020-07-17 15:00:00+00:00,31.183836857477825,46.775755286216736,62.36767371495565,0.0624,0.0661,0.0575,0.0485,0.0302,0.0457,0.0294
2020-07-17 16:00:00+00:00,49.27689631779989,73.91534447669983,98.55379263559978,0.0935,0.1018,0.0992,0.0738,0.052,0.0706,0.0457
2020-07-17 17:00:00+00:00,31.0725748538971,46.60886228084564,62.1451497077942,0.0596,0.0578,0.0662,0.0498,0.0298,0.0436,0.0331
2020-07-17 18:00:00+00:00,77.06166903177898,115.59250354766846,154.12333806355795,0.1453,0.1695,0.1391,0.1167,0.075,0.1189,0.0755
2020-07-17 19:00:00+00:00,137.1427853902181,205.71417808532715,274.2855707804362,0.268,0.2917,0.2822,0.2236,0.1332,0.2202,0.1457
2020-07-17 20:00:00+00:00,123.96593093872072,185.94889640808105,247.93186187744143,0.2671,0.2428,0.267,0.194,0.1156,0.1814,0.1178
2020-07-17 21:00:00+00:00,114.07474676767985,171.11212015151978,228.1494935353597,0.2501,0.2345,0.2284,0.1857,0.1044,0.1597,0.1106
2020-07-17 22:00:00+00:00,130.64755598704022,195.9713339805603,261.29511197408044,0.2472,0.2834,0.2358,0.213,0.1227,0.1945,0.1217
2020-07-17 23:00:00+00:00,133.9883804321289,200.98257064819336,267.9767608642578,0.2547,0.2866,0.2658,0.218,0.1373,0.2012,0.1413
2020-07-18 00:00:00+00:00,131.4512332280477,197.17684984207153,262.9024664560954,0.2578,0.2812,0.2731,0.2125,0.1321,0.1881,0.1272
2020-07-18 01:00:00+00:00,125.05973974863689,187.58960962295532,250.11947949727377,0.2363,0.2482,0.2695,0.1776,0.1182,0.1879,0.1365
2020-07-18 02:00:00+00:00,127.12708314259848,190.6906247138977,254.25416628519696,0.2611,0.2741,0.2403,0.1949,0.135,0.2031,0.1296
2020-07-18 03:00:00+00:00,128.4739096959432,192.7108645439148,256.9478193918864,0.2341,0.2325,0.2777,0.1987,0.1196,0.2006,0.1309
2020-07-18 04:00:00+00:00,159.05113220214844,238.57669830322266,318.1022644042969,0.2881,0.3241,0.3153,0.245,0.1533,0.2235,0.1591
2020-07-18 05:00:00+00:00,143.40929985046387,215.1139497756958,286.81859970092773,0.2636,0.2712,0.2709,0.2065,0.1432,0.1998,0.1437
2020-07-18 06:00:00+00:00,126.5588124593099,189.83821868896484,253.1176249186198,0.2301,0.2393,0.2764,0.1727,0.1315,0.1875,0.1174
2020-07-18 07:00:00+00:00,133.41914812723797,200.12872219085693,266.83829625447595,0.2773,0.2668,0.2686,0.2097,0.1371,0.205,0.1344
2020-07-18 08:00:00+00:00,151.98052724202475,227.9707908630371,303.9610544840495,0.3249,0.3188,0.3098,0.2383,0.1475,0.2383,0.1568
2020-07-18 09:00:00+00:00,179.1992505391439,268.7988758087158,358.3985010782878,0.3239,0.3863,0.3848,0.2711,0.1943,0.2768,0.1802
2020-07-18 10:00:00+00:00,193.41057141621908,290.1158571243286,386.82114283243817,0.4232,0.3683,0.3843,0.2759,0.2118,0.3011,0.175
2020-07-18 11:00:00+00:00,217.95309782028198,326.929646730423,435.90619564056396,0.4558,0.3999,0.4095,0.344,0.2275,0.3332,0.227
2020-07-18 12:00:00+00:00,220.9206740061442,331.3810110092163,441.8413480122884,0.4664,0.4542,0.4217,0.3419,0.2098,0.3479,0.2205
2020-07-18 13:00:00+00:00,211.07766230901083,316.61649346351624,422.15532461802167,0.4101,0.4052,0.4588,0.3185,0.2003,0.3002,0.2063
2020-07-18 14:00:00+00:00,191.39434496561688,287.0915174484253,382.78868993123376,0.3893,0.4009,0.3885,0.2665,0.1827,0.2793,0.1977
2020-07-18 15:00:00+00:00,179.83037630716962,269.7455644607544,359.66075261433923,0.3594,0.3732,0.3719,0.2865,0.1901,0.26,0.1681
2020-07-18 16:00:00+00:00,162.0614528656006,243.09217929840088,324.1229057312012,0.3173,0.321,0.3118,0.2442,0.1519,0.261,0.1505
2020-07-18 17:00:00+00:00,124.31320349375407,186.4698052406311,248.62640698750815,0.2669,0.2456,0.2303,0.1825,0.1356,0.1766,0.1136
2020-07-18 18:00:00+00:00,141.20872815450033,211.8130922317505,282.41745630900067,0.2921,0.2752,0.2743,0.2256,0.1369,0.2065,0.1371
2020-07-18 19:00:00+00:00,175.90057055155438,263.85085582733154,351.80114110310876,0.3582,0.3704,0.351,0.2672,0.1696,0.2486,0.173
2020-07-18 20:00:00+00:00,178.33905220031738,267.5085783004761,356.67810440063477,0.3732,0.3485,0.3758,0.2501,0.1669,0.2841,0.1883
2020-07-18 21:00:00+00:00,146.4024861653646,219.60372924804688,292.8049723307292,0.298,0.2743,0.3055,0.2111,0.1344,0.2334,0.1362
2020-07-18 22:00:00+00:00,130.9533993403117,196.43009901046753,261.9067986806234,0.2412,0.2738,0.2515,0.1888,0.1289,0.1967,0.1365
2020-07-18 23:00:00+00:00,75.14844735463461,112.7226710319519,150.29689470926922,0.1562,0.1489,0.1612,0.121,0.0786,0.1087,0.0817
2020-07-19 00:00:00+00:00,27.68462101618449,41.52693152427673,55.36924203236898,0.0564,0.0522,0.0537,0.0374,0.0283,0.0454,0.0287
2020-07-19 01:00:00+00:00,82.65728155771892,123.98592233657837,165.31456311543783,0.1673,0.15,0.1693,0.132,0.0869,0.1317,0.0843
2020-07-19 02:00:00+00:00,109.68815485636394,164.5322322845459,219.37630971272787,0.2182,0.2104,0.2177,0.1637,0.1027,0.1533,0.103
2020-07-19 03:00:00+00:00,126.73909664154054,190.1086449623108,253.47819328308108,0.2417,0.2508,0.277,0.2004,0.1371,0.2008,0.1371
2020-07-19 04:00:00+00:00,165.85857073465985,248.78785610198975,331.7171414693197,0.3254,0.3118,0.3598,0.2405,0.1495,0.2437,0.1815
2020-07-19 05:00:00+00:00,160.41040420532227,240.6156063079834,320.82080841064453,0.3282,0.3379,0.3075,0.2617,0.1602,0.2275,0.1613
2020-07-19 06:00:00+00:00,186.48117383321127,279.7217607498169,372.96234766642254,0.3689,0.4063,0.3628,0.2573,0.1812,0.3013,0.2005
2020-07-19 07:00:00+00:00,233.63478183746338,350.45217275619507,467.26956367492676,0.4947,0.4347,0.4636,0.3397,0.2117,0.3356,0.2517
2020-07-19 08:00:00+00:00,248.6123561859131,372.91853427886963,497.2247123718262,0.5363,0.5468,0.488,0.3716,0.226,0.3689,0.2646
2020-07-19 09:00:00+00:00,173.34825197855633,260.0223779678345,346.69650395711267,0.3665,0.3499,0.3187,0.2577,0.1698,0.2844,0.172
2020-07-19 10:00:00+00:00,206.45333528518677,309.68000292778015,412.90667057037354,0.4325,0.4542,0.3965,0.3168,0.1961,0.2886,0.2103
2020-07-19 11:00:00+00:00,227.65917778015137,341.48876667022705,455.31835556030273,0.4821,0.4451,0.4749,0.3463,0.2135,0.3525,0.2393
2020-07-19 12:00:00+00:00,236.4311933517456,354.6467900276184,472.8623867034912,0.4429,0.5076,0.4992,0.3877,0.2464,0.3274,0.2207
2020-07-19 13:00:00+00:00,246.28233114878336,369.42349672317505,492.5646622975667,0.5221,0.4804,0.5235,0.3429,0.258,0.3902,0.2271
2020-07-19 14:00:00+00:00,236.36111815770465,354.541677236557,472.7222363154093,0.5012,0.4264,0.4666,0.3315,0.2481,0.3753,0.2143
2020-07-19 15:00:00+00:00,245.01765966415405,367.5264894962311,490.0353193283081,0.4914,0.4846,0.4832,0.3922,0.2514,0.3485,0.2379
2020-07-19 16:00:00+00:00,260.77901522318524,391.16852283477783,521.5580304463705,0.5524,0.4917,0.5713,0.4269,0.2688,0.4278,0.2711
2020-07-19 17:00:00+00:00,291.94966157277423,437.9244923591614,583.8993231455485,0.6157,0.5525,0.5913,0.4123,0.2967,0.4526,0.296
2020-07-19 18:00:00+00:00,314.52313264211017,471.7846989631653,629.0462652842203,0.6804,0.679,0.6313,0.4645,0.3335,0.4851,0.3258
2020-07-19 19:00:00+00:00,312.31501897176105,468.4725284576416,624.6300379435221,0.6764,0.6145,0.6287,0.4424,0.2961,0.4759,0.2953
2020-07-19 20:00:00+00:00,300.7465124130249,451.11976861953735,601.4930248260498,0.5895,0.6108,0.6052,0.4498,0.3001,0.4417,0.3046
2020-07-19 21:00:00+00:00,302.022647857666,453.033971786499,604.045295715332,0.6333,0.6108,0.6501,0.4199,0.2863,0.4668,0.2877
2020-07-19 22:00:00+00:00,282.23221699396765,423.34832549095154,564.4644339879353,0.5655,0.574,0.536,0.4282,0.29,0.4268,0.2712
2020-07-19 23:00:00+00:00,264.04326359430945,396.06489539146423,528.0865271886189,0.5311,0.4891,0.5443,0.4175,0.2583,0.4047,0.2885
2020-07-20 00:00:00+00:00,241.49460792541504,362.24191188812256,482.9892158508301,0.5256,0.4992,0.4555,0.3596,0.2297,0.3974,0.2536
2020-07-20 01:00:00+00:00,228.56059869130453,342.8408980369568,457.12119738260907,0.4665,0.4656,0.4129,0.3239,0.2413,0.3528,0.2141
2020-07-20 02:00:00+00:00,219.03247833251953,328.5487174987793,438.06495666503906,0.4318,0.4255,0.4098,0.35,0.2014,0.3264,0.2163
2020-07-20 03:00:00+00:00,211.46715879440308,317.2007381916046,422.93431758880615,0.452,0.395,0.4102,0.3059,0.2298,0.3141,0.2122
2020-07-20 04:00:00+00:00,246.38642072677612,369.5796310901642,492.77284145355225,0.4676,0.5256,0.4502,0.3374,0.226,0.3807,0.2588
2020-07-20 05:00:00+00:00,336.2241903940836,504.3362855911255,672.4483807881672,0.7195,0.6556,0.69,0.4962,0.3631,0.5524,0.3169
2020-07-20 06:00:00+00:00,385.7250134150187,578.5875201225281,771.4500268300374,0.7967,0.8232,0.7511,0.5458,0.3938,0.5877,0.3639
2020-07-20 07:00:00+00:00,380.6516647338867,570.9774971008301,761.3033294677734,0.6998,0.8234,0.802,0.6246,0.4087,0.5896,0.4127
2020-07-20 08:00:00+00:00,359.15934244791663,538.739013671875,718.3186848958333,0.6986,0.7878,0.6707,0.5266,0.3334,0.5796,0.3918
2020-07-20 09:00:00+00:00,375.13394355773926,562.7009153366089,750.2678871154785,0.8172,0.7765,0.7786,0.5585,0.3624,0.527,0.388
2020-07-20 10:00:00+00:00,358.2458019256592,537.3687028884888,716.4916038513184,0.7595,0.6976,0.7872,0.5705,0.372,0.5366,0.355
2020-07-20 11:00:00+00:00,345.28071880340576,517.9210782051086,690.5614376068115,0.6382,0.7027,0.7446,0.4754,0.3768,0.5478,0.316
2020-07-20 12:00:00+00:00,343.83959770202637,515.7593965530396,687.6791954040527,0.7432,0.715,0.7048,0.4673,0.3429,0.5131,0.337
2020-07-20 13:00:00+00:00,342.54891872406006,513.8233780860901,685.0978374481201,0.6764,0.6368,0.6198,0.5605,0.3754,0.5208,0.3719
2020-07-20 14:00:00+00:00,345.20235856374103,517.8035378456116,690.4047171274821,0.6729,0.6272,0.7356,0.552,0.3417,0.4686,0.3227
2020-07-20 15:00:00+00:00,351.70375506083167,527.5556325912476,703.4075101216633,0.7001,0.6842,0.6702,0.5391,0.3301,0.5263,0.3374
2020-07-20 16:00:00+00:00,361.0844135284424,541.6266202926636,722.1688270568848,0.7144,0.6679,0.7121,0.5184,0.3305,0.4993,0.3878
2020-07-20 17:00:00+00:00,362.05890973409015,543.0883646011353,724.1178194681803,0.725,0.7706,0.6564,0.5076,0.3893,0.5736,0.3437
2020-07-20 18:00:00+00:00,350.68093935648596,526.021409034729,701.3618787129719,0.6978,0.7371,0.7452,0.5475,0.3798,0.4826,0.3751
2020-07-20 19:00:00+00:00,334.67808564503986,502.0171284675598,669.3561712900797,0.6393,0.6264,0.6593,0.5083,0.3607,0.5231,0.3631
2020-07-20 20:00:00+00:00,311.4349365234375,467.15240478515625,622.869873046875,0.633,0.6038,0.6457,0.5067,0.3079,0.4231,0.3269
2020-07-20 21:00:00+00:00,309.4117959340413,464.117693901062,618.8235918680826,0.654,0.648,0.6226,0.434,0.3128,0.5004,0.3194
2020-07-20 22:00:00+00:00,212.1272603670756,318.1908905506134,424.2545207341512,0.4144,0.4265,0.4468,0.3307,0.2034,0.2903,0.2324
2020-07-20 23:00:00+00:00,147.21740086873373,220.8261013031006,294.43480173746747,0.3021,0.304,0.278,0.2255,0.1363,0.2404,0.1537
2020-07-21 00:00:00+00:00,122.081724802653,183.1225872039795,244.163449605306,0.2417,0.2223,0.2376,0.1668,0.1218,0.1858,0.1206
2020-07-21 01:00:00+00:00,128.54908307393393,192.82362461090088,257.09816614786786,0.2461,0.2649,0.2402,0.176,0.1366,0.2011,0.1164
2020-07-21 02:00:00+00:00,152.05764770507812,228.0864715576172,304.11529541015625,0.2766,0.3216,0.3267,0.2078,0.1477,0.2256,0.1516
2020-07-21 03:00:00+00:00,159.8507086435954,239.77606296539307,319.7014172871908,0.304,0.3158,0.3105,0.228,0.1721,0.2278,0.1565
2020-07-21 04:00:00+00:00,163.81783485412598,245.72675228118896,327.63566970825195,0.3238,0.3273,0.3531,0.2351,0.1655,0.2636,0.1588
2020-07-21 05:00:00+00:00,142.11495717366537,213.17243576049805,284.22991434733075,0.2685,0.3034,0.3109,0.2332,0.1327,0.2283,0.142
2020-07-21 06:00:00+00:00,177.95186042785645,266.92779064178467,355.9037208557129,0.3234,0.3713,0.3602,0.2744,0.1721,0.2582,0.1793
2020-07-21 07:00:00+00:00,214.93666569391885,322.4049985408783,429.8733313878377,0.4526,0.4,0.3974,0.2921,0.2319,0.3183,0.2338
2020-07-21 08:00:00+00:00,258.26300382614136,387.39450573921204,516.5260076522827,0.4723,0.5662,0.4948,0.3849,0.2462,0.3908,0.2728
2020-07-21 09:00:00+00:00,277.1441260973612,415.71618914604187,554.2882521947224,0.5799,0.5333,0.5602,0.4274,0.3024,0.4188,0.2512
2020-07-21 10:00:00+00:00,281.87341690063477,422.81012535095215,563.7468338012695,0.6062,0.6037,0.513,0.4032,0.2958,0.4501,0.2852
2020-07-21 11:00:00+00:00,261.0846281051636,391.62694215774536,522.1692562103271,0.5481,0.4971,0.4774,0.3537,0.2768,0.4035,0.2396
2020-07-21 12:00:00+00:00,266.16564591725665,399.248468875885,532.3312918345133,0.5294,0.5182,0.5504,0.3653,0.2546,0.3812,0.2474
2020-07-21 13:00:00+00:00,291.57490730285645,437.36236095428467,583.1498146057129,0.6117,0.573,0.5365,0.4606,0.2875,0.4678,0.3205
2020-07-21 14:00:00+00:00,322.6426362991333,483.96395444869995,645.2852725982666,0.6991,0.6612,0.6935,0.4587,0.2918,0.4961,0.3244
2020-07-21 15:00:00+00:00,321.2859551111857,481.92893266677856,642.5719102223713,0.6114,0.6888,0.5921,0.5208,0.3413,0.5165,0.3058
2020-07-21 16:00:00+00:00,358.9491367340088,538.4237051010132,717.8982734680176,0.7261,0.7808,0.6987,0.5595,0.3771,0.5339,0.3941
2020-07-21 17:00:00+00:00,360.08110841115314,540.1216626167297,720.1622168223063,0.6642,0.732,0.6921,0.5462,0.3849,0.5796,0.3762
2020-07-21 18:00:00+00:00,310.08501052856445,465.1275157928467,620.1700210571289,0.6084,0.6108,0.5633,0.4935,0.2962,0.4527,0.2903
2020-07-21 19:00:00+00:00,274.1909543673197,411.2864315509796,548.3819087346394,0.5723,0.5721,0.5979,0.3722,0.2529,0.402,0.2793
2020-07-21 20:00:00+00:00,242.20714171727496,363.3107125759125,484.41428343454993,0.4779,0.5229,0.4929,0.3273,0.2545,0.3522,0.2264
2020-07-21 21:00:00+00:00,250.2462387084961,375.36935806274414,500.4924774169922,0.5415,0.4853,0.4593,0.3965,0.2403,0.3671,0.2542
2020-07-21 22:00:00+00:00,177.4869759877523,266.2304639816284,354.9739519755046,0.3243,0.3564,0.3269,0.2501,0.1776,0.2454,0.1921
2020-07-21 23:00:00+00:00,133.20173422495526,199.80260133743286,266.4034684499105,0.2684,0.2629,0.2501,0.1829,0.1427,0.1985,0.1359
2020-07-22 00:00:00+00:00,125.59173901875815,188.3876085281372,251.1834780375163,0.2528,0.2587,0.2587,0.2015,0.1131,0.1867,0.1372
2020-07-22 01:00:00+00:00,136.53146425882977,204.79719638824463,273.06292851765954,0.2757,0.2706,0.2996,0.1953,0.133,0.1861,0.1325
2020-07-22 02:00:00+00:00,127.86916891733806,191.80375337600708,255.73833783467612,0.2698,0.2519,0.2394,0.1932,0.1235,0.2087,0.1197
2020-07-22 03:00:00+00:00,127.7143398920695,191.57150983810425,255.428679784139,0.2664,0.2517,0.2804,0.1838,0.1377,0.1869,0.1191
2020-07-22 04:00:00+00:00,166.2328084309896,249.34921264648438,332.4656168619792,0.3266,0.3305,0.3178,0.2699,0.1746,0.2451,0.1782
2020-07-22 05:00:00+00:00,159.88187789916992,239.82281684875488,319.76375579833984,0.3257,0.337,0.3258,0.2396,0.164,0.226,0.1486
2020-07-22 06:00:00+00:00,194.3822224934896,291.5733337402344,388.7644449869792,0.3909,0.3745,0.3583,0.3039,0.2083,0.2763,0.1866
2020-07-22 07:00:00+00:00,214.15852705637613,321.2377905845642,428.31705411275226,0.4684,0.4677,0.4642,0.3131,0.2188,0.313,0.2238
2020-07-22 08:00:00+00:00,197.40028381347656,296.10042572021484,394.8005676269531,0.4003,0.4056,0.3744,0.2906,0.1917,0.2858,0.2015
2020-07-22 09:00:00+00:00,230.44529755910239,345.66794633865356,460.89059511820477,0.4187,0.4511,0.5017,0.3394,0.2413,0.318,0.2411
2020-07-22 10:00:00+00:00,224.72863594690958,337.0929539203644,449.45727189381915,0.4835,0.4609,0.427,0.3316,0.2113,0.3065,0.2388
2020-07-22 11:00:00+00:00,215.18837610880533,322.782564163208,430.37675221761066,0.3993,0.4525,0.4162,0.3094,0.2292,0.3473,0.2067
2020-07-22 12:00:00+00:00,225.65395832061768,338.4809374809265,451.30791664123535,0.4849,0.4247,0.4422,0.3471,0.2194,0.3578,0.2179
2020-07-22 13:00:00+00:00,248.7436056137085,373.11540842056274,497.487211227417,0.4746,0.4793,0.4967,0.3944,0.2652,0.3451,0.2402
2020-07-22 14:00:00+00:00,273.71423641840613,410.57135462760925,547.4284728368123,0.5017,0.5241,0.5978,0.4374,0.2945,0.4338,0.2592
2020-07-22 15:00:00+00:00,283.0756425857544,424.6134638786316,566.1512851715088,0.5617,0.5779,0.5334,0.4508,0.2957,0.4193,0.2635
2020-07-22 16:00:00+00:00,276.08828941980994,414.13243412971497,552.1765788396199,0.6069,0.588,0.5415,0.4381,0.3017,0.3819,0.2865
2020-07-22 17:00:00+00:00,253.34532260894775,380.01798391342163,506.6906452178955,0.4623,0.4793,0.5369,0.4054,0.2516,0.3508,0.2414
2020-07-22 18:00:00+00:00,165.05559285481772,247.58338928222656,330.11118570963544,0.3074,0.3403,0.3577,0.2381,0.1536,0.2537,0.1539
2020-07-22 19:00:00+00:00,170.40370305379233,255.60555458068848,340.80740610758465,0.3386,0.3601,0.3714,0.254,0.1611,0.2411,0.1597
2020-07-22 20:00:00+00:00,187.8952185312907,281.84282779693604,375.7904370625814,0.3937,0.3692,0.4125,0.2598,0.1747,0.2634,0.1897
2020-07-22 21:00:00+00:00,155.56004842122397,233.34007263183594,311.12009684244794,0.2946,0.3257,0.3195,0.2199,0.1667,0.236,0.1646
2020-07-22 22:00:00+00:00,137.04989751180014,205.5748462677002,274.0997950236003,0.2703,0.2577,0.2922,0.1989,0.1309,0.205,0.1469
2020-07-22 23:00:00+00:00,172.9162375132243,259.3743562698364,345.8324750264486,0.3389,0.3153,0.3265,0.2448,0.1738,0.2499,0.1654
2020-07-23 00:00:00+00:00,154.2428970336914,231.3643455505371,308.4857940673828,0.3345,0.3024,0.3066,0.2127,0.1524,0.2506,0.14
2020-07-23 01:00:00+00:00,152.94106801350912,229.41160202026367,305.88213602701825,0.3,0.2859,0.3122,0.2191,0.1516,0.215,0.1437
2020-07-23 02:00:00+00:00,151.88889503479004,227.83334255218506,303.7777900695801,0.3053,0.3128,0.2985,0.2431,0.1509,0.2486,0.1439
2020-07-23 03:00:00+00:00,153.79819869995117,230.69729804992676,307.59639739990234,0.3113,0.3062,0.2977,0.2164,0.1608,0.2491,0.1643
2020-07-23 04:00:00+00:00,131.25662008921307,196.88493013381958,262.51324017842614,0.2709,0.2519,0.272,0.1914,0.126,0.2109,0.1226
2020-07-23 05:00:00+00:00,122.95668919881186,184.43503379821777,245.91337839762372,0.2591,0.2559,0.2268,0.1754,0.1293,0.2007,0.1345
2020-07-23 06:00:00+00:00,105.99164962768556,158.98747444152832,211.98329925537112,0.1932,0.2275,0.2244,0.1598,0.0964,0.1445,0.109
2020-07-23 07:00:00+00:00,101.77505811055502,152.66258716583252,203.55011622111004,0.214,0.2054,0.2225,0.1572,0.1083,0.1445,0.0994
2020-07-23 08:00:00+00:00,79.92717425028484,119.89076137542725,159.85434850056967,0.1553,0.1611,0.1607,0.1293,0.0784,0.1285,0.082
2020-07-23 09:00:00+00:00,79.9320141474406,119.89802122116089,159.8640282948812,0.1664,0.1588,0.15,0.1213,0.0742,0.1308,0.0839
2020-07-23 10:00:00+00:00,75.30344327290854,112.9551649093628,150.60688654581708,0.1538,0.1432,0.1489,0.1155,0.0809,0.1213,0.0719
2020-07-23 11:00:00+00:00,128.75723838806152,193.13585758209229,257.51447677612305,0.2363,0.2641,0.2513,0.1815,0.1245,0.1972,0.124
2020-07-23 12:00:00+00:00,164.51856295267743,246.7778444290161,329.03712590535486,0.3003,0.3514,0.3089,0.2337,0.1678,0.2397,0.178
2020-07-23 13:00:00+00:00,141.311248143514,211.966872215271,282.622496287028,0.2699,0.2903,0.2995,0.2085,0.142,0.2287,0.1361
2020-07-23 14:00:00+00:00,128.06275685628256,192.09413528442383,256.1255137125651,0.2606,0.231,0.2654,0.2012,0.1175,0.1856,0.1244
2020-07-23 15:00:00+00:00,140.2522087097168,210.3783130645752,280.5044174194336,0.288,0.2805,0.2915,0.1959,0.1374,0.2157,0.1281
2020-07-23 16:00:00+00:00,167.03710556030273,250.5556583404541,334.07421112060547,0.316,0.3637,0.3018,0.2445,0.1541,0.2441,0.1715
2020-07-23 17:00:00+00:00,82.79471397399902,124.19207096099854,165.58942794799805,0.1656,0.1737,0.1545,0.1122,0.0887,0.1287,0.076
2020-07-23 18:00:00+00:00,134.19121106465658,201.28681659698486,268.38242212931317,0.242,0.2698,0.2827,0.1883,0.1377,0.183,0.1264
2020-07-23 19:00:00+00:00,165.45063654581708,248.1759548187256,330.90127309163415,0.3327,0.3432,0.3541,0.2272,0.1722,0.2325,0.1574
2020-07-23 20:00:00+00:00,144.76161003112793,217.1424150466919,289.52322006225586,0.287,0.3043,0.272,0.2265,0.1385,0.1997,0.1454
2020-07-23 21:00:00+00:00,168.37703386942547,252.56555080413818,336.75406773885095,0.3358,0.3629,0.367,0.2493,0.1825,0.2692,0.1741
2020-07-23 22:00:00+00:00,236.3195538520813,354.47933077812195,472.6391077041626,0.4837,0.4519,0.4501,0.3368,0.2583,0.3657,0.2486
2020-07-23 23:00:00+00:00,217.72419611612955,326.58629417419434,435.4483922322591,0.4159,0.4004,0.4404,0.312,0.2044,0.3271,0.199
2020-07-24 00:00:00+00:00,178.92920176188153,268.39380264282227,357.85840352376306,0.3308,0.3599,0.3514,0.2788,0.1934,0.2437,0.1691
2020-07-24 01:00:00+00:00,183.65734418233237,275.48601627349854,367.31468836466473,0.3636,0.3865,0.3801,0.2972,0.199,0.3003,0.184
2020-07-24 02:00:00+00:00,244.48310534159342,366.72465801239014,488.96621068318683,0.5211,0.4858,0.4509,0.3375,0.2584,0.3852,0.2677
2020-07-24 03:00:00+00:00,274.64663187662757,411.9699478149414,549.2932637532551,0.5795,0.5037,0.5762,0.452,0.2617,0.4501,0.2658
2020-07-24 04:00:00+00:00,310.6035312016805,465.90529680252075,621.207062403361,0.5984,0.5915,0.5803,0.505,0.2846,0.4201,0.3368
2020-07-24 05:00:00+00:00,339.21217123667395,508.818256855011,678.4243424733479,0.6993,0.7446,0.658,0.5027,0.3262,0.4813,0.3375
2020-07-24 06:00:00+00:00,363.1511847178141,544.7267770767212,726.3023694356282,0.7952,0.7666,0.7157,0.5302,0.3429,0.5258,0.3838
2020-07-24 07:00:00+00:00,356.48353099823,534.725296497345,712.96706199646,0.7652,0.7544,0.6581,0.5451,0.3817,0.5013,0.3903
2020-07-24 08:00:00+00:00,347.63887723286945,521.4583158493042,695.2777544657389,0.6883,0.6713,0.7131,0.5432,0.3465,0.5339,0.3387
2020-07-24 09:00:00+00:00,249.97754096984863,374.96631145477295,499.95508193969727,0.477,0.516,0.4982,0.3876,0.2281,0.3744,0.2265
2020-07-24 10:00:00+00:00,294.3262577056885,441.4893865585327,588.652515411377,0.6224,0.5645,0.5316,0.4561,0.2849,0.4241,0.3168
2020-07-24 11:00:00+00:00,350.3642400105794,525.5463600158691,700.7284800211588,0.6632,0.6708,0.7495,0.4922,0.3776,0.5077,0.3766
2020-07-24 12:00:00+00:00,384.23096338907874,576.3464450836182,768.4619267781575,0.8075,0.7743,0.7707,0.5434,0.3579,0.5561,0.411
2020-07-24 13:00:00+00:00,368.9589420954386,553.438413143158,737.9178841908772,0.747,0.6677,0.7203,0.5509,0.3428,0.5824,0.405
2020-07-24 14:00:00+00:00,349.3497292200724,524.0245938301086,698.6994584401448,0.6504,0.6411,0.6695,0.488,0.3255,0.5151,0.3466
2020-07-24 15:00:00+00:00,304.1829983393351,456.2744975090027,608.3659966786702,0.6538,0.5581,0.5934,0.4424,0.275,0.4242,0.2798
2020-07-24 16:00:00+00:00,259.28512414296466,388.927686214447,518.5702482859293,0.5619,0.5661,0.5026,0.3842,0.238,0.3923,0.2718
2020-07-24 17:00:00+00:00,220.220418771108,330.330628156662,440.440837542216,0.4824,0.4001,0.3986,0.3521,0.2143,0.3343,0.2264
2020-07-24 18:00:00+00:00,123.47333431243898,185.21000146865845,246.94666862487796,0.2692,0.2655,0.2384,0.1984,0.1276,0.1966,0.1183
2020-07-24 19:00:00+00:00,115.49808979034425,173.24713468551636,230.9961795806885,0.2409,0.2245,0.2285,0.1583,0.1145,0.1808,0.1145
2020-07-24 20:00:00+00:00,113.94821008046469,170.92231512069702,227.89642016092938,0.2174,0.232,0.2378,0.1761,0.1228,0.161,0.1135
2020-07-24 21:00:00+00:00,175.54400761922201,263.316011428833,351.08801523844403,0.3634,0.3302,0.3464,0.2879,0.1864,0.2597,0.1821
2020-07-24 22:00:00+00:00,193.9168930053711,290.87533950805664,387.8337860107422,0.4265,0.4193,0.3659,0.2749,0.2066,0.2846,0.2037
2020-07-24 23:00:00+00:00,227.35020716985068,341.025310754776,454.70041433970135,0.4633,0.4383,0.4164,0.3647,0.2219,0.3079,0.2248
2020-07-25 00:00:00+00:00,237.6874009768168,356.5311014652252,475.3748019536336,0.5149,0.4653,0.4591,0.3389,0.2204,0.3307,0.2257
2020-07-25 01:00:00+00:00,234.01313225428262,351.01969838142395,468.02626450856525,0.5107,0.5142,0.4214,0.3767,0.2329,0.317,0.2232
2020-07-25 02:00:00+00:00,258.0703020095825,387.1054530143738,516.140604019165,0.5515,0.4927,0.4911,0.4051,0.2531,0.3899,0.2583
2020-07-25 03:00:00+00:00,280.3934335708618,420.5901503562927,560.7868671417236,0.5343,0.5707,0.548,0.3986,0.267,0.46,0.2626
2020-07-25 04:00:00+00:00,313.52598667144775,470.28898000717163,627.0519733428955,0.5887,0.5818,0.6129,0.4666,0.2934,0.515,0.3291
2020-07-25 05:00:00+00:00,321.4163700739542,482.1245551109314,642.8327401479085,0.66,0.6566,0.6915,0.444,0.3507,0.5146,0.3493
2020-07-25 06:00:00+00:00,357.5784683227539,536.3677024841309,715.1569366455078,0.7696,0.6959,0.6825,0.5349,0.3703,0.5718,0.3427
2020-07-25 07:00:00+00:00,391.1274989446004,586.6912484169006,782.2549978892008,0.8154,0.8568,0.8394,0.5319,0.4024,0.6249,0.372
2020-07-25 08:00:00+00:00,378.7557204564412,568.1335806846619,757.5114409128824,0.6868,0.7737,0.7985,0.5913,0.3998,0.5877,0.3889
2020-07-25 09:00:00+00:00,302.5020678838094,453.7531018257141,605.0041357676188,0.5837,0.5573,0.5753,0.4674,0.3281,0.4404,0.3176
2020-07-25 10:00:00+00:00,395.79386711120605,593.6908006668091,791.5877342224121,0.8453,0.7913,0.8414,0.5743,0.4351,0.6098,0.3596
2020-07-25 11:00:00+00:00,539.7289037704468,809.5933556556702,1079.4578075408936,1.0308,0.9742,1.1295,0.7572,0.565,0.7789,0.5273
2020-07-25 12:00:00+00:00,469.61724758148193,704.4258713722229,939.2344951629639,0.9771,0.9241,0.9196,0.6472,0.4625,0.7232,0.5044
2020-07-25 13:00:00+00:00,492.38067269325256,738.5710090398788,984.7613453865051,0.9778,0.9116,1.0462,0.6985,0.5197,0.769,0.5072
2020-07-25 14:00:00+00:00,392.0602321624756,588.0903482437134,784.1204643249512,0.7291,0.719,0.7104,0.6161,0.3868,0.5683,0.4285
2020-07-25 15:00:00+00:00,397.01457023620605,595.5218553543091,794.0291404724121,0.8536,0.7572,0.8045,0.5912,0.3865,0.5448,0.4301
2020-07-25 16:00:00+00:00,313.67297172546387,470.5094575881958,627.3459434509277,0.5739,0.6813,0.5999,0.4509,0.327,0.4968,0.333
2020-07-25 17:00:00+00:00,285.7771635055542,428.6657452583313,571.5543270111084,0.5162,0.5806,0.6134,0.4451,0.2964,0.4026,0.2597
2020-07-25 18:00:00+00:00,300.0342766443888,450.05141496658325,600.0685532887776,0.5636,0.5674,0.5773,0.454,0.298,0.4691,0.3174
2020-07-25 19:00:00+00:00,318.98001035054523,478.47001552581787,637.9600207010905,0.5991,0.5757,0.6134,0.4833,0.3067,0.4463,0.3173
2020-07-25 20:00:00+00:00,340.68150520324707,511.0222578048706,681.3630104064941,0.7184,0.6666,0.6767,0.5184,0.3338,0.5533,0.3216
2020-07-25 21:00:00+00:00,433.83482297261554,650.7522344589233,867.6696459452311,0.9267,0.8983,0.9399,0.6415,0.4038,0.6456,0.4664
2020-07-25 22:00:00+00:00,456.06586933135986,684.0988039970398,912.1317386627197,0.9735,1.002,0.928,0.7018,0.4122,0.6591,0.4769
2020-07-25 23:00:00+00:00,475.9923219680786,713.9884829521179,951.9846439361572,1.029,0.9508,0.9586,0.6572,0.4462,0.7567,0.5104
2020-07-26 00:00:00+00:00,518.8917875289917,778.3376812934875,1037.7835750579834,0.9908,1.1255,1.0227,0.8307,0.5134,0.8137,0.5159
2020-07-26 01:00:00+00:00,467.02961325645447,700.5444198846817,934.0592265129089,1.0196,0.8947,0.9574,0.7118,0.4251,0.7274,0.5078
2020-07-26 02:00:00+00:00,466.2222683429718,699.3334025144577,932.4445366859436,0.8805,0.9374,0.8399,0.7099,0.4271,0.7682,0.4852
2020-07-26 03:00:00+00:00,468.15914511680603,702.238717675209,936.3182902336121,0.908,0.9694,0.8905,0.653,0.504,0.7001,0.5137
2020-07-26 04:00:00+00:00,440.1570876439412,660.2356314659119,880.3141752878824,0.8772,0.9556,0.8935,0.6814,0.3997,0.6264,0.4134
2020-07-26 05:00:00+00:00,408.93875757853186,613.4081363677979,817.8775151570637,0.8722,0.7789,0.7911,0.6155,0.4366,0.6082,0.4018
2020-07-26 06:00:00+00:00,398.79376888275146,598.1906533241272,797.5875377655029,0.791,0.8544,0.794,0.6195,0.4231,0.6193,0.4062
2020-07-26 07:00:00+00:00,388.6871258417765,583.0306887626648,777.374251683553,0.77,0.7551,0.7978,0.6081,0.4156,0.6085,0.4169
2020-07-26 08:00:00+00:00,387.2338851292928,580.8508276939392,774.4677702585856,0.7325,0.8246,0.8427,0.5254,0.3982,0.5452,0.4135
2020-07-26 09:00:00+00:00,376.70039335886634,565.0505900382996,753.4007867177327,0.6968,0.8199,0.7039,0.513,0.3683,0.6154,0.4075
2020-07-26 10:00:00+00:00,404.1895786921183,606.2843680381775,808.3791573842366,0.7576,0.8237,0.8732,0.5487,0.4206,0.6135,0.4061
2020-07-26 11:00:00+00:00,401.8958330154419,602.8437495231628,803.7916660308838,0.7247,0.8742,0.7725,0.5529,0.4057,0.6068,0.4005
2020-07-26 12:00:00+00:00,418.25925509134925,627.3888826370239,836.5185101826985,0.7744,0.8499,0.8656,0.5912,0.404,0.6597,0.3895
2020-07-26 13:00:00+00:00,442.55343278249103,663.8301491737366,885.1068655649821,0.874,0.8169,0.8708,0.6941,0.4084,0.5991,0.4217
2020-07-26 14:00:00+00:00,443.78379185994464,665.675687789917,887.5675837198893,0.8974,0.9478,0.9749,0.7251,0.4748,0.6912,0.4211
2020-07-26 15:00:00+00:00,410.2198203404744,615.3297305107117,820.4396406809489,0.8845,0.7668,0.8018,0.6511,0.3879,0.5921,0.4447
2020-07-26 16:00:00+00:00,358.02363554636634,537.0354533195496,716.0472710927327,0.6801,0.7234,0.6701,0.5303,0.3817,0.5729,0.3371
2020-07-26 17:00:00+00:00,303.9395332336426,455.90929985046387,607.8790664672852,0.6626,0.5776,0.5498,0.4124,0.3108,0.4188,0.2753
2020-07-26 18:00:00+00:00,231.66780869166055,347.50171303749084,463.3356173833211,0.4511,0.4805,0.4748,0.3543,0.2169,0.3816,0.22
2020-07-26 19:00:00+00:00,191.2203629811605,286.8305444717407,382.440725962321,0.388,0.38,0.3984,0.2755,0.1982,0.3002,0.2022
2020-07-26 20:00:00+00:00,153.80643208821616,230.70964813232422,307.6128641764323,0.3291,0.3209,0.3248,0.2101,0.1548,0.2418,0.1686
2020-07-26 21:00:00+00:00,188.82088661193848,283.2313299179077,377.64177322387695,0.342,0.3748,0.3944,0.2769,0.2002,0.262,0.1899
2020-07-26 22:00:00+00:00,198.39700063069662,297.5955009460449,396.79400126139325,0.3935,0.433,0.381,0.3265,0.2115,0.2837,0.2067
2020-07-26 23:00:00+00:00,171.20590209960938,256.80885314941406,342.41180419921875,0.3743,0.3178,0.3137,0.2771,0.1695,0.2336,0.1866
2020-07-27 00:00:00+00:00,187.32217152913412,280.9832572937012,374.64434305826825,0.3474,0.3455,0.3431,0.2533,0.1945,0.2612,0.1832
2020-07-27 01:00:00+00:00,209.97296969095865,314.959454536438,419.9459393819173,0.4357,0.3813,0.4585,0.333,0.2096,0.3307,0.2027
2020-07-27 02:00:00+00:00,229.53362464904785,344.3004369735718,459.0672492980957,0.4673,0.4556,0.4928,0.3483,0.2266,0.3727,0.2504
2020-07-27 03:00:00+00:00,161.12810770670575,241.6921615600586,322.2562154134115,0.3525,0.3403,0.3466,0.2335,0.1594,0.2657,0.1713
2020-07-27 04:00:00+00:00,168.7940279642741,253.19104194641113,337.5880559285482,0.3572,0.3507,0.3394,0.2527,0.1629,0.2738,0.1694
2020-07-27 05:00:00+00:00,217.9882844289144,326.9824266433716,435.9765688578288,0.4333,0.4007,0.4281,0.3105,0.2158,0.3225,0.2022
2020-07-27 06:00:00+00:00,268.8050587972005,403.2075881958008,537.610117594401,0.5805,0.5349,0.4916,0.383,0.2589,0.4263,0.2722
2020-07-27 07:00:00+00:00,364.9031639099121,547.3547458648682,729.8063278198242,0.7911,0.7554,0.7068,0.4999,0.3564,0.5954,0.332
2020-07-27 08:00:00+00:00,452.86497473716736,679.297462105751,905.7299494743347,0.9578,0.826,0.9282,0.6788,0.4807,0.7067,0.4607
2020-07-27 09:00:00+00:00,360.19229094187415,540.2884364128113,720.3845818837483,0.7559,0.6714,0.7571,0.5491,0.3366,0.5636,0.3811
2020-07-27 10:00:00+00:00,395.9101359049479,593.8652038574219,791.8202718098958,0.8382,0.7577,0.7621,0.6041,0.3626,0.5557,0.3754
2020-07-27 11:00:00+00:00,515.9907639026642,773.9861458539963,1031.9815278053284,1.0204,1.0459,0.997,0.7073,0.5508,0.722,0.4703
2020-07-27 12:00:00+00:00,516.1269664764404,774.1904497146606,1032.2539329528809,0.9481,0.9302,1.0134,0.73,0.5255,0.721,0.5054
2020-07-27 13:00:00+00:00,594.12442445755,891.1866366863251,1188.2488489151,1.2055,1.0869,1.0841,0.8155,0.6178,0.8108,0.6273
2020-07-27 14:00:00+00:00,582.8897774219513,874.3346661329269,1165.7795548439026,1.2257,1.0874,1.2753,0.7912,0.5288,0.8314,0.6045
2020-07-27 15:00:00+00:00,525.1398861408234,787.709829211235,1050.2797722816467,0.9646,0.9982,1.1444,0.8268,0.4893,0.7293,0.5173
2020-07-27 16:00:00+00:00,413.2009267807007,619.801390171051,826.4018535614014,0.7489,0.8956,0.876,0.6213,0.3821,0.6513,0.4162
2020-07-27 17:00:00+00:00,361.239226659139,541.8588399887085,722.478453318278,0.7894,0.6722,0.7368,0.5693,0.3281,0.5176,0.3284
2020-07-27 18:00:00+00:00,315.6655550003052,473.49833250045776,631.3311100006104,0.6018,0.6841,0.6407,0.4994,0.3464,0.5206,0.3241
2020-07-27 19:00:00+00:00,346.03376388549805,519.0506458282471,692.0675277709961,0.6818,0.7285,0.6301,0.5171,0.3472,0.5623,0.3166
2020-07-27 20:00:00+00:00,380.38487434387207,570.5773115158081,760.7697486877441,0.7011,0.7548,0.692,0.5951,0.3577,0.5214,0.4062
2020-07-27 21:00:00+00:00,315.58767159779865,473.381507396698,631.1753431955973,0.6428,0.6548,0.6764,0.497,0.3348,0.4387,0.3109
2020-07-27 22:00:00+00:00,401.5645106633504,602.3467659950256,803.1290213267008,0.7523,0.7864,0.7661,0.549,0.3893,0.5905,0.3936
2020-07-27 23:00:00+00:00,427.5519371032715,641.3279056549072,855.103874206543,0.9356,0.8294,0.7747,0.6722,0.4554,0.6937,0.4631
2020-07-28 00:00:00+00:00,441.1881685256958,661.7822527885437,882.3763370513916,0.9033,0.855,0.887,0.6597,0.3981,0.6116,0.443
2020-07-28 01:00:00+00:00,472.4591016769409,708.6886525154114,944.9182033538818,0.873,0.8925,1.0309,0.654,0.4621,0.6619,0.4523
2020-07-28 02:00:00+00:00,474.0593612194061,711.0890418291092,948.1187224388123,0.8606,0.9782,0.9531,0.6878,0.4353,0.651,0.4364
2020-07-28 03:00:00+00:00,506.68805837631226,760.0320875644684,1013.3761167526245,0.9314,1.072,1.0543,0.777,0.5379,0.7441,0.4932
2020-07-28 04:00:00+00:00,558.8615298271179,838.2922947406769,1117.7230596542358,1.1304,1.1835,1.0702,0.7688,0.5854,0.9149,0.5741
2020-07-28 05:00:00+00:00,497.278493642807,745.9177404642105,994.556987285614,0.9242,0.9839,0.9562,0.7319,0.4872,0.8136,0.4544
2020-07-28 06:00:00+00:00,518.3000922203064,777.4501383304596,1036.6001844406128,1.1218,1.0063,0.9948,0.79,0.5212,0.7547,0.4846
2020-07-28 07:00:00+00:00,523.2096612453461,784.8144918680191,1046.4193224906921,1.0396,1.1456,1.1094,0.7934,0.5374,0.8502,0.5049
2020-07-28 08:00:00+00:00,565.9042596817017,848.8563895225525,1131.8085193634033,1.0441,1.0976,1.1582,0.8731,0.5756,0.8457,0.5332
2020-07-28 09:00:00+00:00,497.4212944507599,746.1319416761398,994.8425889015198,0.9428,0.9463,1.0578,0.7459,0.4484,0.6975,0.4494
2020-07-28 10:00:00+00:00,517.939817905426,776.909726858139,1035.879635810852,1.0688,1.0541,0.9956,0.7679,0.5395,0.7476,0.4721
2020-07-28 11:00:00+00:00,556.636905670166,834.955358505249,1113.273811340332,1.136,1.1129,1.1864,0.7628,0.5269,0.8014,0.5068
2020-07-28 12:00:00+00:00,574.0685284137726,861.1027926206589,1148.1370568275452,1.0821,1.0881,1.2107,0.8481,0.5391,0.838,0.595
2020-07-28 13:00:00+00:00,615.7865881919861,923.6798822879791,1231.5731763839722,1.159,1.1847,1.1949,0.9141,0.6214,0.8322,0.5885
2020-07-28 14:00:00+00:00,606.0995221138,909.1492831707001,1212.1990442276,1.1362,1.3198,1.1804,0.9273,0.5776,0.8602,0.5664
2020-07-28 15:00:00+00:00,576.9978225231171,865.4967337846756,1153.9956450462341,1.1278,1.0696,1.2454,0.8165,0.5534,0.8833,0.5487
2020-07-28 16:00:00+00:00,468.56528520584106,702.8479278087616,937.1305704116821,0.9946,0.9507,0.9564,0.6556,0.5096,0.6804,0.428
2020-07-28 17:00:00+00:00,382.5082302093506,573.7623453140259,765.0164604187012,0.7872,0.8118,0.7143,0.5192,0.3884,0.6083,0.4003
2020-07-28 18:00:00+00:00,310.30030250549316,465.45045375823975,620.6006050109863,0.6548,0.6089,0.5671,0.4349,0.3356,0.4669,0.3355
2020-07-28 19:00:00+00:00,271.6768900553385,407.5153350830078,543.353780110677,0.4948,0.5576,0.5343,0.3859,0.2725,0.3793,0.2788
2020-07-28 20:00:00+00:00,262.21534808476764,393.3230221271515,524.4306961695353,0.541,0.499,0.4855,0.4255,0.2505,0.3831,0.2491
2020-07-28 21:00:00+00:00,269.95779275894165,404.9366891384125,539.9155855178833,0.5494,0.5475,0.5481,0.4182,0.2931,0.4326,0.2709
2020-07-28 22:00:00+00:00,300.7484197616577,451.1226296424866,601.4968395233154,0.6225,0.585,0.5966,0.4614,0.316,0.4654,0.2872
2020-07-28 23:00:00+00:00,266.0769740740458,399.1154611110687,532.1539481480916,0.5322,0.5272,0.4978,0.3923,0.2851,0.3867,0.2598
2020-07-29 00:00:00+00:00,238.0804936091105,357.12074041366577,476.160987218221,0.5159,0.4655,0.4353,0.3561,0.2167,0.3447,0.2191
2020-07-29 01:00:00+00:00,226.52929226557413,339.7939383983612,453.05858453114826,0.4432,0.477,0.4268,0.3201,0.2378,0.3173,0.2364
2020-07-29 02:00:00+00:00,209.23345486323038,313.8501822948456,418.46690972646076,0.3921,0.456,0.4443,0.3103,0.2212,0.3028,0.2142
2020-07-29 03:00:00+00:00,184.03353691101074,276.0503053665161,368.0670738220215,0.3807,0.374,0.3448,0.2874,0.1814,0.2898,0.1758
2020-07-29 04:00:00+00:00,182.83567428588867,274.253511428833,365.67134857177734,0.3636,0.3347,0.3872,0.2787,0.165,0.3015,0.1825
2020-07-29 05:00:00+00:00,168.815549214681,253.22332382202148,337.631098429362,0.324,0.3179,0.3064,0.2588,0.1679,0.2749,0.1672
2020-07-29 06:00:00+00:00,157.49351183573407,236.24026775360107,314.98702367146814,0.3357,0.3081,0.2842,0.2177,0.153,0.2461,0.1443
2020-07-29 07:00:00+00:00,161.79490089416504,242.69235134124756,323.5898017883301,0.3264,0.3468,0.3232,0.2462,0.1689,0.2585,0.1462
2020-07-29 08:00:00+00:00,214.37576611836752,321.56364917755127,428.75153223673504,0.461,0.4071,0.4702,0.3346,0.204,0.3038,0.2024
2020-07-29 09:00:00+00:00,165.7358487447103,248.60377311706543,331.4716974894206,0.3039,0.3529,0.3259,0.2627,0.1592,0.2405,0.1575
2020-07-29 10:00:00+00:00,185.31052271525067,277.965784072876,370.62104543050134,0.393,0.4028,0.3724,0.2731,0.173,0.2542,0.1928
2020-07-29 11:00:00+00:00,182.79099464416504,274.18649196624756,365.5819892883301,0.3567,0.3663,0.3952,0.2625,0.1991,0.2566,0.1876
2020-07-29 12:00:00+00:00,183.55127970377606,275.32691955566406,367.1025594075521,0.3324,0.3781,0.378,0.2789,0.2018,0.268,0.1687
2020-07-29 13:00:00+00:00,173.2004165649414,259.8006248474121,346.4008331298828,0.3368,0.3459,0.3234,0.247,0.1781,0.243,0.1836
2020-07-29 14:00:00+00:00,171.3138262430827,256.970739364624,342.6276524861654,0.3207,0.3583,0.3607,0.254,0.1558,0.2539,0.1639
2020-07-29 15:00:00+00:00,168.77225240071616,253.15837860107422,337.5445048014323,0.3402,0.3178,0.3062,0.2659,0.1773,0.2623,0.1547
2020-07-29 16:00:00+00:00,156.22838338216147,234.3425750732422,312.45676676432294,0.3077,0.2881,0.329,0.2232,0.1574,0.2497,0.1498
2020-07-29 17:00:00+00:00,157.5055758158366,236.25836372375488,315.0111516316732,0.2957,0.3162,0.3237,0.2227,0.1565,0.225,0.1671
2020-07-29 18:00:00+00:00,181.80564244588217,272.70846366882324,363.61128489176434,0.3842,0.366,0.3709,0.2508,0.188,0.2542,0.1765
2020-07-29 19:00:00+00:00,218.3177391688029,327.47660875320435,436.6354783376058,0.4695,0.4535,0.4335,0.3386,0.2211,0.3368,0.2139
2020-07-29 20:00:00+00:00,192.75789260864258,289.13683891296387,385.51578521728516,0.3841,0.4158,0.3642,0.2619,0.2024,0.2856,0.1856
2020-07-29 21:00:00+00:00,161.1332893371582,241.6999340057373,322.2665786743164,0.3262,0.3005,0.3246,0.2371,0.1512,0.2506,0.1763
2020-07-29 22:00:00+00:00,155.34791946411133,233.021879196167,310.69583892822266,0.3289,0.2805,0.3128,0.2284,0.1515,0.2156,0.1618
2020-07-29 23:00:00+00:00,155.5459499359131,233.31892490386963,311.0918998718262,0.3026,0.2862,0.2963,0.2107,0.1697,0.255,0.1577
2020-07-30 00:00:00+00:00,176.54134432474774,264.8120164871216,353.0826886494955,0.3838,0.3181,0.3444,0.2567,0.1655,0.2864,0.1674
2020-07-30 01:00:00+00:00,177.49088605244955,266.2363290786743,354.9817721048991,0.3402,0.3707,0.3296,0.2716,0.1732,0.24,0.1923
2020-07-30 02:00:00+00:00,153.05573145548504,229.58359718322754,306.1114629109701,0.2982,0.286,0.3045,0.2097,0.1678,0.2456,0.1465
2020-07-30 03:00:00+00:00,141.2224292755127,211.83364391326904,282.4448585510254,0.2814,0.2642,0.2728,0.208,0.153,0.2056,0.1385
2020-07-30 04:00:00+00:00,163.9458179473877,245.91872692108154,327.8916358947754,0.3475,0.3172,0.36,0.2441,0.1721,0.2705,0.1735
2020-07-30 05:00:00+00:00,140.06373087565106,210.09559631347656,280.1274617513021,0.258,0.2867,0.3052,0.2242,0.1388,0.2183,0.144
2020-07-30 06:00:00+00:00,100.7684866587321,151.15272998809814,201.5369733174642,0.2058,0.1821,0.2051,0.1373,0.0989,0.1415,0.0997
2020-07-30 07:00:00+00:00,110.59343020121257,165.89014530181885,221.18686040242514,0.2272,0.2012,0.204,0.1529,0.1189,0.1758,0.1069
2020-07-30 08:00:00+00:00,122.1116860707601,183.16752910614014,244.2233721415202,0.2505,0.2358,0.2378,0.198,0.1264,0.1946,0.1209
2020-07-30 09:00:00+00:00,127.16840108235678,190.75260162353516,254.33680216471356,0.252,0.2328,0.2317,0.2016,0.1252,0.1991,0.1388
2020-07-30 10:00:00+00:00,95.23552258809408,142.8532838821411,190.47104517618817,0.1794,0.1806,0.1945,0.1376,0.0909,0.1493,0.0872
2020-07-30 11:00:00+00:00,95.15003363291423,142.72505044937134,190.30006726582846,0.1786,0.2056,0.1777,0.1385,0.0864,0.1292,0.1031
2020-07-30 12:00:00+00:00,51.794755458831794,77.69213318824768,103.58951091766359,0.1054,0.1027,0.0978,0.0813,0.052,0.0782,0.0511
2020-07-30 13:00:00+00:00,75.9286880493164,113.89303207397461,151.8573760986328,0.1369,0.1588,0.1545,0.1222,0.073,0.1252,0.0798
2020-07-30 14:00:00+00:00,110.13197898864748,165.1979684829712,220.26395797729495,0.2009,0.2093,0.2084,0.1722,0.1049,0.1793,0.1077
2020-07-30 15:00:00+00:00,127.97032197316489,191.95548295974731,255.94064394632977,0.2535,0.2562,0.2714,0.207,0.1255,0.1871,0.1319
2020-07-30 16:00:00+00:00,146.36999766031903,219.55499649047852,292.73999532063806,0.2976,0.316,0.3032,0.2304,0.1457,0.2207,0.1596
2020-07-30 17:00:00+00:00,158.81152153015137,238.21728229522705,317.62304306030273,0.3079,0.3073,0.2932,0.2182,0.1645,0.22,0.1627
2020-07-30 18:00:00+00:00,198.32340876261395,297.4851131439209,396.6468175252279,0.4339,0.4245,0.3975,0.3202,0.1996,0.2746,0.1951
2020-07-30 19:00:00+00:00,229.26460901896158,343.8969135284424,458.52921803792316,0.4858,0.4679,0.4458,0.3498,0.2302,0.3524,0.2214
2020-07-30 20:00:00+00:00,235.6426437695821,353.46396565437317,471.2852875391642,0.432,0.4578,0.4748,0.3652,0.2285,0.3255,0.2557
2020-07-30 21:00:00+00:00,263.08754285176593,394.6313142776489,526.1750857035319,0.4839,0.5136,0.5179,0.3842,0.2379,0.4004,0.2583
2020-07-30 22:00:00+00:00,243.36063067118326,365.0409460067749,486.7212613423665,0.5076,0.512,0.4957,0.3917,0.2445,0.3325,0.2603
2020-07-30 23:00:00+00:00,224.48242902755737,336.72364354133606,448.96485805511475,0.493,0.4525,0.4147,0.3247,0.2107,0.3624,0.2203
2020-07-31 00:00:00+00:00,199.13102785746258,298.69654178619385,398.26205571492517,0.3898,0.4153,0.4272,0.2772,0.2038,0.3163,0.1922
2020-07-31 01:00:00+00:00,206.95385535558066,310.430783033371,413.9077107111613,0.4059,0.4022,0.379,0.326,0.1886,0.314,0.2251
2020-07-31 02:00:00+00:00,228.3628503481547,342.54427552223206,456.7257006963094,0.4828,0.473,0.4861,0.3453,0.2327,0.3547,0.2267
2020-07-31 03:00:00+00:00,231.10186258951822,346.65279388427734,462.20372517903644,0.4652,0.459,0.4183,0.3605,0.2196,0.328,0.2525
2020-07-31 04:00:00+00:00,260.13145049413043,390.1971757411957,520.2629009882609,0.5641,0.5131,0.4945,0.4288,0.2831,0.4287,0.2841
2020-07-31 05:00:00+00:00,297.46253490448,446.19380235671997,594.92506980896,0.5882,0.5521,0.5498,0.4516,0.3141,0.4766,0.315
2020-07-31 06:00:00+00:00,264.61697816848755,396.9254672527313,529.2339563369751,0.5601,0.4978,0.4983,0.3956,0.2882,0.4275,0.2729
2020-07-31 07:00:00+00:00,259.7045024236043,389.5567536354065,519.4090048472086,0.5394,0.5235,0.5706,0.4099,0.2688,0.3693,0.2646
2020-07-31 08:00:00+00:00,286.2160523732503,429.3240785598755,572.4321047465006,0.531,0.5294,0.5992,0.4664,0.2824,0.4618,0.2599
2020-07-31 09:00:00+00:00,283.0379128456116,424.55686926841736,566.0758256912231,0.5374,0.5206,0.5108,0.4205,0.2711,0.3906,0.271
2020-07-31 10:00:00+00:00,278.74687512715656,418.12031269073486,557.4937502543131,0.5744,0.5082,0.6049,0.3826,0.2568,0.3924,0.3016
2020-07-31 11:00:00+00:00,286.6186221440633,429.92793321609497,573.2372442881266,0.5428,0.531,0.5819,0.4498,0.2951,0.4357,0.3048
2020-07-31 12:00:00+00:00,299.072257677714,448.60838651657104,598.144515355428,0.6078,0.6372,0.5902,0.4853,0.2932,0.4191,0.2969
2020-07-31 13:00:00+00:00,295.9546168645223,443.93192529678345,591.9092337290446,0.5979,0.5477,0.5962,0.4599,0.2857,0.4484,0.3132
2020-07-31 14:00:00+00:00,279.63796456654865,419.456946849823,559.2759291330973,0.5154,0.5564,0.5191,0.4323,0.2564,0.3834,0.2624
2020-07-31 15:00:00+00:00,199.49973424275717,299.24960136413574,398.99946848551434,0.4151,0.368,0.4253,0.314,0.1851,0.3084,0.1825
2020-07-31 16:00:00+00:00,150.77190399169922,226.15785598754883,301.54380798339844,0.2861,0.2921,0.3065,0.2461,0.1541,0.2081,0.1571
2020-07-31 17:00:00+00:00,172.48080571492514,258.7212085723877,344.9616114298503,0.3323,0.3656,0.35,0.2467,0.1665,0.2682,0.1672
2020-07-31 18:00:00+00:00,178.37324142456055,267.5598621368408,356.7464828491211,0.3636,0.3788,0.3537,0.2723,0.1793,0.2818,0.1657
2020-07-31 19:00:00+00:00,189.76505597432455,284.6475839614868,379.5301119486491,0.4157,0.4098,0.3839,0.2916,0.1767,0.279,0.1835
2020-07-31 20:00:00+00:00,196.4832623799642,294.7248935699463,392.9665247599284,0.4222,0.428,0.4038,0.3041,0.1809,0.289,0.211
2020-07-31 21:00:00+00:00,196.7356046040853,295.10340690612793,393.4712092081706,0.3742,0.3637,0.4203,0.2716,0.2013,0.2974,0.1918
2020-07-31 22:00:00+00:00,266.3655797640482,399.5483696460724,532.7311595280964,0.5339,0.5449,0.4971,0.3755,0.2809,0.3642,0.2545
